,Item ID,Month,Product,Product Type,Species,Anticoagulant,Gender,Forecast
1,7309006,2025-05-01,PLASMA,UNFILTERED,SHEEP,NA-CITRATE,GENDER UNSPECIFIED,0.27089826839826847
2,7309006,2025-06-01,PLASMA,UNFILTERED,SHEEP,NA-CITRATE,GENDER UNSPECIFIED,0.605572152847153
3,7309006,2025-07-01,PLASMA,UNFILTERED,SHEEP,NA-CITRATE,GENDER UNSPECIFIED,0.9375962856587858
4,7309006,2025-08-01,PLASMA,UNFILTERED,SHEEP,NA-CITRATE,GENDER UNSPECIFIED,0.5993670260295261
5,7309006,2025-09-01,PLASMA,UNFILTERED,SHEEP,NA-CITRATE,GENDER UNSPECIFIED,0.6190446636696638
6,7309006,2025-10-01,PLASMA,UNFILTERED,SHEEP,NA-CITRATE,GENDER UNSPECIFIED,0.6646354631479632
7,7309006,2025-11-01,PLASMA,UNFILTERED,SHEEP,NA-CITRATE,GENDER UNSPECIFIED,0.4935638694638695
8,7309006,2025-12-01,PLASMA,UNFILTERED,SHEEP,NA-CITRATE,GENDER UNSPECIFIED,0.6233083721833722
9,7309006,2026-01-01,PLASMA,UNFILTERED,SHEEP,NA-CITRATE,GENDER UNSPECIFIED,0.705805520868021
10,7309006,2026-02-01,PLASMA,UNFILTERED,SHEEP,NA-CITRATE,GENDER UNSPECIFIED,0.5060894647019648
11,7309006,2026-03-01,PLASMA,UNFILTERED,SHEEP,NA-CITRATE,GENDER UNSPECIFIED,0.6137922827172829
12,7309006,2026-04-01,PLASMA,UNFILTERED,SHEEP,NA-CITRATE,GENDER UNSPECIFIED,0.7070698065823067
13,7330800,2025-05-01,SERUM,FILTERED,BOVINE,NONE,GENDER UNSPECIFIED,5.791518181818178
14,7330800,2025-06-01,SERUM,FILTERED,BOVINE,NONE,GENDER UNSPECIFIED,6.15718201243201
15,7330800,2025-07-01,SERUM,FILTERED,BOVINE,NONE,GENDER UNSPECIFIED,5.1139482184482175
16,7330800,2025-08-01,SERUM,FILTERED,BOVINE,NONE,GENDER UNSPECIFIED,5.011631551781551
17,7330800,2025-09-01,SERUM,FILTERED,BOVINE,NONE,GENDER UNSPECIFIED,5.800252908202906
18,7330800,2025-10-01,SERUM,FILTERED,BOVINE,NONE,GENDER UNSPECIFIED,5.902569574869571
19,7330800,2025-11-01,SERUM,FILTERED,BOVINE,NONE,GENDER UNSPECIFIED,5.676148218448216
20,7330800,2025-12-01,SERUM,FILTERED,BOVINE,NONE,GENDER UNSPECIFIED,5.676148218448216
21,7330800,2026-01-01,SERUM,FILTERED,BOVINE,NONE,GENDER UNSPECIFIED,5.676148218448216
22,7330800,2026-02-01,SERUM,FILTERED,BOVINE,NONE,GENDER UNSPECIFIED,5.676148218448216
23,7330800,2026-03-01,SERUM,FILTERED,BOVINE,NONE,GENDER UNSPECIFIED,5.676148218448216
24,7330800,2026-04-01,SERUM,FILTERED,BOVINE,NONE,GENDER UNSPECIFIED,5.676148218448216
26,7332100,2025-05-01,SERUM,FILTERED,DONKEY,NONE,GENDER UNSPECIFIED,1.689920274170274
27,7332100,2025-06-01,SERUM,FILTERED,DONKEY,NONE,GENDER UNSPECIFIED,2.146836362248863
28,7332100,2025-07-01,SERUM,FILTERED,DONKEY,NONE,GENDER UNSPECIFIED,1.7537681277056278
29,7332100,2025-08-01,SERUM,FILTERED,DONKEY,NONE,GENDER UNSPECIFIED,0.7723962895764365
30,7332100,2025-09-01,SERUM,FILTERED,DONKEY,NONE,GENDER UNSPECIFIED,1.8472268578643576
31,7332100,2025-10-01,SERUM,FILTERED,DONKEY,NONE,GENDER UNSPECIFIED,1.381107936507936
32,7332100,2025-11-01,SERUM,FILTERED,DONKEY,NONE,GENDER UNSPECIFIED,1.1468876482177948
33,7332100,2025-12-01,SERUM,FILTERED,DONKEY,NONE,GENDER UNSPECIFIED,1.2795402056277054
34,7332100,2026-01-01,SERUM,FILTERED,DONKEY,NONE,GENDER UNSPECIFIED,1.288618997424144
35,7332100,2026-02-01,SERUM,FILTERED,DONKEY,NONE,GENDER UNSPECIFIED,0.8616667260843728
36,7332100,2026-03-01,SERUM,FILTERED,DONKEY,NONE,GENDER UNSPECIFIED,1.2854963617265083
37,7332100,2026-04-01,SERUM,FILTERED,DONKEY,NONE,GENDER UNSPECIFIED,0.9661934021860489
62,7332500,2025-05-01,SERUM,FILTERED,GOAT,NONE,GENDER UNSPECIFIED,10.591276105006104
63,7332500,2025-06-01,SERUM,FILTERED,GOAT,NONE,GENDER UNSPECIFIED,25.260426509379503
64,7332500,2025-07-01,SERUM,FILTERED,GOAT,NONE,GENDER UNSPECIFIED,23.503314870351872
65,7332500,2025-08-01,SERUM,FILTERED,GOAT,NONE,GENDER UNSPECIFIED,17.206486837273836
66,7332500,2025-09-01,SERUM,FILTERED,GOAT,NONE,GENDER UNSPECIFIED,20.227643124986127
67,7332500,2025-10-01,SERUM,FILTERED,GOAT,NONE,GENDER UNSPECIFIED,18.1573092981463
68,7332500,2025-11-01,SERUM,FILTERED,GOAT,NONE,GENDER UNSPECIFIED,18.123323583860586
69,7332500,2025-12-01,SERUM,FILTERED,GOAT,NONE,GENDER UNSPECIFIED,18.39377812931513
70,7332500,2026-01-01,SERUM,FILTERED,GOAT,NONE,GENDER UNSPECIFIED,18.39377812931513
71,7332500,2026-02-01,SERUM,FILTERED,GOAT,NONE,GENDER UNSPECIFIED,18.39377812931513
72,7332500,2026-03-01,SERUM,FILTERED,GOAT,NONE,GENDER UNSPECIFIED,18.39377812931513
73,7332500,2026-04-01,SERUM,FILTERED,GOAT,NONE,GENDER UNSPECIFIED,18.39377812931513
111,7730071,2025-05-01,PLASMA,UNFILTERED,SHEEP,NA-CITRATE,GENDER UNSPECIFIED,30.36579377788878
112,7730071,2025-06-01,PLASMA,UNFILTERED,SHEEP,NA-CITRATE,GENDER UNSPECIFIED,30.267898271173273
113,7730071,2025-07-01,PLASMA,UNFILTERED,SHEEP,NA-CITRATE,GENDER UNSPECIFIED,30.146183235098235
114,7730071,2025-08-01,PLASMA,UNFILTERED,SHEEP,NA-CITRATE,GENDER UNSPECIFIED,30.12312300199801
115,7730071,2025-09-01,PLASMA,UNFILTERED,SHEEP,NA-CITRATE,GENDER UNSPECIFIED,30.138602575757574
116,7730071,2025-10-01,PLASMA,UNFILTERED,SHEEP,NA-CITRATE,GENDER UNSPECIFIED,30.056847564102565
117,7730071,2025-11-01,PLASMA,UNFILTERED,SHEEP,NA-CITRATE,GENDER UNSPECIFIED,30.073334432789423
118,7730071,2025-12-01,PLASMA,UNFILTERED,SHEEP,NA-CITRATE,GENDER UNSPECIFIED,30.13829084859584
119,7730071,2026-01-01,PLASMA,UNFILTERED,SHEEP,NA-CITRATE,GENDER UNSPECIFIED,30.22378826562327
120,7730071,2026-02-01,PLASMA,UNFILTERED,SHEEP,NA-CITRATE,GENDER UNSPECIFIED,30.18893760739261
121,7730071,2026-03-01,PLASMA,UNFILTERED,SHEEP,NA-CITRATE,GENDER UNSPECIFIED,30.11401899267399
123,7730061,2025-05-01,PLASMA,UNFILTERED,HORSE,NA-CITRATE,GENDER UNSPECIFIED,25.089230769230777
124,7730061,2025-06-01,PLASMA,UNFILTERED,HORSE,NA-CITRATE,GENDER UNSPECIFIED,25.089230769230777
125,7730061,2025-07-01,PLASMA,UNFILTERED,HORSE,NA-CITRATE,GENDER UNSPECIFIED,25.089230769230777
126,7730061,2025-08-01,PLASMA,UNFILTERED,HORSE,NA-CITRATE,GENDER UNSPECIFIED,25.089230769230777
127,7730061,2025-09-01,PLASMA,UNFILTERED,HORSE,NA-CITRATE,GENDER UNSPECIFIED,25.089230769230777
128,7730061,2025-10-01,PLASMA,UNFILTERED,HORSE,NA-CITRATE,GENDER UNSPECIFIED,25.089230769230777
129,7730061,2025-11-01,PLASMA,UNFILTERED,HORSE,NA-CITRATE,GENDER UNSPECIFIED,25.089230769230777
130,7730061,2025-12-01,PLASMA,UNFILTERED,HORSE,NA-CITRATE,GENDER UNSPECIFIED,25.089230769230777
131,7730061,2026-01-01,PLASMA,UNFILTERED,HORSE,NA-CITRATE,GENDER UNSPECIFIED,25.089230769230777
132,7730061,2026-02-01,PLASMA,UNFILTERED,HORSE,NA-CITRATE,GENDER UNSPECIFIED,25.089230769230777
133,7730061,2026-03-01,PLASMA,UNFILTERED,HORSE,NA-CITRATE,GENDER UNSPECIFIED,25.089230769230777
217,7730014,2025-05-01,SERUM,UNFILTERED,DONKEY,NONE,GENDER UNSPECIFIED,7.930694999999999
218,7730014,2025-06-01,SERUM,UNFILTERED,DONKEY,NONE,GENDER UNSPECIFIED,7.930694999999999
219,7730014,2025-07-01,SERUM,UNFILTERED,DONKEY,NONE,GENDER UNSPECIFIED,7.930694999999999
220,7730014,2025-08-01,SERUM,UNFILTERED,DONKEY,NONE,GENDER UNSPECIFIED,7.930694999999999
221,7730014,2025-09-01,SERUM,UNFILTERED,DONKEY,NONE,GENDER UNSPECIFIED,7.930694999999999
222,7730014,2025-10-01,SERUM,UNFILTERED,DONKEY,NONE,GENDER UNSPECIFIED,7.930694999999999
224,7330800-DL,2025-05-01,SERUM,DELIPIDATED,BOVINE,NONE,GENDER UNSPECIFIED,27.89199999999998
225,7330800-DL,2025-06-01,SERUM,DELIPIDATED,BOVINE,NONE,GENDER UNSPECIFIED,27.89199999999998
226,7330800-DL,2025-07-01,SERUM,DELIPIDATED,BOVINE,NONE,GENDER UNSPECIFIED,27.89199999999998
227,7330800-DL,2025-08-01,SERUM,DELIPIDATED,BOVINE,NONE,GENDER UNSPECIFIED,27.89199999999998
228,7330800-DL,2025-09-01,SERUM,DELIPIDATED,BOVINE,NONE,GENDER UNSPECIFIED,27.89199999999998
229,7330800-DL,2025-10-01,SERUM,DELIPIDATED,BOVINE,NONE,GENDER UNSPECIFIED,27.89199999999998
230,7330800-DL,2025-11-01,SERUM,DELIPIDATED,BOVINE,NONE,GENDER UNSPECIFIED,27.89199999999998
231,7330800-DL,2025-12-01,SERUM,DELIPIDATED,BOVINE,NONE,GENDER UNSPECIFIED,27.89199999999998
232,7330800-DL,2026-01-01,SERUM,DELIPIDATED,BOVINE,NONE,GENDER UNSPECIFIED,27.89199999999998
233,7330800-DL,2026-02-01,SERUM,DELIPIDATED,BOVINE,NONE,GENDER UNSPECIFIED,27.89199999999998
234,7330800-DL,2026-03-01,SERUM,DELIPIDATED,BOVINE,NONE,GENDER UNSPECIFIED,27.89199999999998
323,7330800,2025-05-01,SERUM,HEAT INACTIVATED,BOVINE,NONE,GENDER UNSPECIFIED,5.791518181818178
324,7330800,2025-06-01,SERUM,HEAT INACTIVATED,BOVINE,NONE,GENDER UNSPECIFIED,6.15718201243201
325,7330800,2025-07-01,SERUM,HEAT INACTIVATED,BOVINE,NONE,GENDER UNSPECIFIED,5.1139482184482175
326,7330800,2025-08-01,SERUM,HEAT INACTIVATED,BOVINE,NONE,GENDER UNSPECIFIED,5.011631551781551
327,7330800,2025-09-01,SERUM,HEAT INACTIVATED,BOVINE,NONE,GENDER UNSPECIFIED,5.800252908202906
328,7330800,2025-10-01,SERUM,HEAT INACTIVATED,BOVINE,NONE,GENDER UNSPECIFIED,5.902569574869571
329,7330800,2025-11-01,SERUM,HEAT INACTIVATED,BOVINE,NONE,GENDER UNSPECIFIED,5.676148218448216
330,7330800,2025-12-01,SERUM,HEAT INACTIVATED,BOVINE,NONE,GENDER UNSPECIFIED,5.676148218448216
331,7330800,2026-01-01,SERUM,HEAT INACTIVATED,BOVINE,NONE,GENDER UNSPECIFIED,5.676148218448216
332,7330800,2026-02-01,SERUM,HEAT INACTIVATED,BOVINE,NONE,GENDER UNSPECIFIED,5.676148218448216
333,7330800,2026-03-01,SERUM,HEAT INACTIVATED,BOVINE,NONE,GENDER UNSPECIFIED,5.676148218448216
334,7330800,2026-04-01,SERUM,HEAT INACTIVATED,BOVINE,NONE,GENDER UNSPECIFIED,5.676148218448216
386,7310806,2025-05-01,PLASMA,FILTERED,BOVINE,NA-CITRATE,GENDER UNSPECIFIED,16.047625000000007
387,7310806,2025-06-01,PLASMA,FILTERED,BOVINE,NA-CITRATE,GENDER UNSPECIFIED,16.047625000000007
388,7310806,2025-07-01,PLASMA,FILTERED,BOVINE,NA-CITRATE,GENDER UNSPECIFIED,16.047625000000007
389,7310806,2025-08-01,PLASMA,FILTERED,BOVINE,NA-CITRATE,GENDER UNSPECIFIED,16.047625000000007
390,7310806,2025-09-01,PLASMA,FILTERED,BOVINE,NA-CITRATE,GENDER UNSPECIFIED,16.047625000000007
391,7310806,2025-10-01,PLASMA,FILTERED,BOVINE,NA-CITRATE,GENDER UNSPECIFIED,16.047625000000007
392,7310806,2025-11-01,PLASMA,FILTERED,BOVINE,NA-CITRATE,GENDER UNSPECIFIED,16.047625000000007
393,7310806,2025-12-01,PLASMA,FILTERED,BOVINE,NA-CITRATE,GENDER UNSPECIFIED,16.047625000000007
394,7310806,2026-01-01,PLASMA,FILTERED,BOVINE,NA-CITRATE,GENDER UNSPECIFIED,16.047625000000007
395,7310806,2026-02-01,PLASMA,FILTERED,BOVINE,NA-CITRATE,GENDER UNSPECIFIED,16.047625000000007
396,7310806,2026-03-01,PLASMA,FILTERED,BOVINE,NA-CITRATE,GENDER UNSPECIFIED,16.047625000000007
397,7310806,2026-04-01,PLASMA,FILTERED,BOVINE,NA-CITRATE,GENDER UNSPECIFIED,16.047625000000007
451,7339000,2025-05-01,SERUM,FILTERED,SHEEP,NONE,GENDER UNSPECIFIED,16.11175
452,7339000,2025-06-01,SERUM,FILTERED,SHEEP,NONE,GENDER UNSPECIFIED,16.11175
453,7339000,2025-07-01,SERUM,FILTERED,SHEEP,NONE,GENDER UNSPECIFIED,16.11175
454,7339000,2025-08-01,SERUM,FILTERED,SHEEP,NONE,GENDER UNSPECIFIED,16.11175
455,7339000,2025-09-01,SERUM,FILTERED,SHEEP,NONE,GENDER UNSPECIFIED,16.11175
456,7339000,2025-10-01,SERUM,FILTERED,SHEEP,NONE,GENDER UNSPECIFIED,16.11175
457,7339000,2025-11-01,SERUM,FILTERED,SHEEP,NONE,GENDER UNSPECIFIED,16.11175
458,7339000,2025-12-01,SERUM,FILTERED,SHEEP,NONE,GENDER UNSPECIFIED,16.11175
459,7339000,2026-01-01,SERUM,FILTERED,SHEEP,NONE,GENDER UNSPECIFIED,16.11175
923,7322100,2025-05-01,SERUM,UNFILTERED,DONKEY,NONE,GENDER UNSPECIFIED,1.78566
924,7322100,2025-06-01,SERUM,UNFILTERED,DONKEY,NONE,GENDER UNSPECIFIED,1.78566
925,7322100,2025-07-01,SERUM,UNFILTERED,DONKEY,NONE,GENDER UNSPECIFIED,1.78566
926,7322100,2025-08-01,SERUM,UNFILTERED,DONKEY,NONE,GENDER UNSPECIFIED,1.78566
927,7322100,2025-09-01,SERUM,UNFILTERED,DONKEY,NONE,GENDER UNSPECIFIED,1.78566
928,7322100,2025-10-01,SERUM,UNFILTERED,DONKEY,NONE,GENDER UNSPECIFIED,1.78566
929,7322100,2025-11-01,SERUM,UNFILTERED,DONKEY,NONE,GENDER UNSPECIFIED,1.78566
930,7322100,2025-12-01,SERUM,UNFILTERED,DONKEY,NONE,GENDER UNSPECIFIED,1.78566
931,7322100,2026-01-01,SERUM,UNFILTERED,DONKEY,NONE,GENDER UNSPECIFIED,1.78566
981,7333400,2025-05-01,SERUM,FILTERED,HORSE,NONE,GENDER UNSPECIFIED,17.020361111111107
982,7333400,2025-06-01,SERUM,FILTERED,HORSE,NONE,GENDER UNSPECIFIED,17.020361111111107
983,7333400,2025-07-01,SERUM,FILTERED,HORSE,NONE,GENDER UNSPECIFIED,17.020361111111107
984,7333400,2025-08-01,SERUM,FILTERED,HORSE,NONE,GENDER UNSPECIFIED,17.020361111111107
985,7333400,2025-09-01,SERUM,FILTERED,HORSE,NONE,GENDER UNSPECIFIED,17.020361111111107
986,7333400,2025-10-01,SERUM,FILTERED,HORSE,NONE,GENDER UNSPECIFIED,17.020361111111107
987,7333400,2025-11-01,SERUM,FILTERED,HORSE,NONE,GENDER UNSPECIFIED,17.020361111111107
988,7333400,2025-12-01,SERUM,FILTERED,HORSE,NONE,GENDER UNSPECIFIED,17.020361111111107
989,7333400,2026-01-01,SERUM,FILTERED,HORSE,NONE,GENDER UNSPECIFIED,17.020361111111107
990,7333400,2026-02-01,SERUM,FILTERED,HORSE,NONE,GENDER UNSPECIFIED,17.020361111111107
991,7333400,2026-03-01,SERUM,FILTERED,HORSE,NONE,GENDER UNSPECIFIED,17.020361111111107
6107,8200806,2025-05-01,WHOLE BLOOD,ABATTOIR,BOVINE,NA-CITRATE,GENDER UNSPECIFIED,32.66475166500167
6108,8200806,2025-06-01,WHOLE BLOOD,ABATTOIR,BOVINE,NA-CITRATE,GENDER UNSPECIFIED,31.445697330447334
6109,8200806,2025-07-01,WHOLE BLOOD,ABATTOIR,BOVINE,NA-CITRATE,GENDER UNSPECIFIED,27.037689393939395
6110,8200806,2025-08-01,WHOLE BLOOD,ABATTOIR,BOVINE,NA-CITRATE,GENDER UNSPECIFIED,29.167207070707068
6111,8200806,2025-09-01,WHOLE BLOOD,ABATTOIR,BOVINE,NA-CITRATE,GENDER UNSPECIFIED,32.20655447330447
6112,8200806,2025-10-01,WHOLE BLOOD,ABATTOIR,BOVINE,NA-CITRATE,GENDER UNSPECIFIED,41.194022727272724
6113,8200806,2025-11-01,WHOLE BLOOD,ABATTOIR,BOVINE,NA-CITRATE,GENDER UNSPECIFIED,32.72553066378067
6114,8200806,2025-12-01,WHOLE BLOOD,ABATTOIR,BOVINE,NA-CITRATE,GENDER UNSPECIFIED,32.72553066378067
6115,8200806,2026-01-01,WHOLE BLOOD,ABATTOIR,BOVINE,NA-CITRATE,GENDER UNSPECIFIED,33.33053066378066
6116,8200806,2026-02-01,WHOLE BLOOD,ABATTOIR,BOVINE,NA-CITRATE,GENDER UNSPECIFIED,33.33053066378066
6117,8200806,2026-03-01,WHOLE BLOOD,ABATTOIR,BOVINE,NA-CITRATE,GENDER UNSPECIFIED,37.368697330447326
6118,8200806,2026-04-01,WHOLE BLOOD,ABATTOIR,BOVINE,NA-CITRATE,GENDER UNSPECIFIED,39.267467171717165
6119,8204911,2025-05-01,WHOLE BLOOD,ABATTOIR,PORCINE,NA-HEPARIN,GENDER UNSPECIFIED,9.442094072594072
6120,8204911,2025-06-01,WHOLE BLOOD,ABATTOIR,PORCINE,NA-HEPARIN,GENDER UNSPECIFIED,7.3704260184260155
6121,8204911,2025-07-01,WHOLE BLOOD,ABATTOIR,PORCINE,NA-HEPARIN,GENDER UNSPECIFIED,6.120432955932955
6122,8204911,2025-08-01,WHOLE BLOOD,ABATTOIR,PORCINE,NA-HEPARIN,GENDER UNSPECIFIED,10.383608419358417
6123,8204911,2025-09-01,WHOLE BLOOD,ABATTOIR,PORCINE,NA-HEPARIN,GENDER UNSPECIFIED,7.2882699800199795
6124,8204911,2025-10-01,WHOLE BLOOD,ABATTOIR,PORCINE,NA-HEPARIN,GENDER UNSPECIFIED,11.781020923520925
6125,8204911,2025-11-01,WHOLE BLOOD,ABATTOIR,PORCINE,NA-HEPARIN,GENDER UNSPECIFIED,5.816420329670328
6126,8204911,2025-12-01,WHOLE BLOOD,ABATTOIR,PORCINE,NA-HEPARIN,GENDER UNSPECIFIED,6.090293206793206
6127,8204911,2026-01-01,WHOLE BLOOD,ABATTOIR,PORCINE,NA-HEPARIN,GENDER UNSPECIFIED,9.400920190920191
6128,8204911,2026-02-01,WHOLE BLOOD,ABATTOIR,PORCINE,NA-HEPARIN,GENDER UNSPECIFIED,5.9155869963369945
6129,8204911,2026-03-01,WHOLE BLOOD,ABATTOIR,PORCINE,NA-HEPARIN,GENDER UNSPECIFIED,11.077982961482963
6130,8204911,2026-04-01,WHOLE BLOOD,ABATTOIR,PORCINE,NA-HEPARIN,GENDER UNSPECIFIED,5.816420329670328
6181,8204901,2025-05-01,WHOLE BLOOD,ABATTOIR,PORCINE,ACD,GENDER UNSPECIFIED,3.4155555555555552
6182,8204901,2025-06-01,WHOLE BLOOD,ABATTOIR,PORCINE,ACD,GENDER UNSPECIFIED,3.6055555555555556
6183,8204901,2025-07-01,WHOLE BLOOD,ABATTOIR,PORCINE,ACD,GENDER UNSPECIFIED,3.6055555555555556
6184,8204901,2025-08-01,WHOLE BLOOD,ABATTOIR,PORCINE,ACD,GENDER UNSPECIFIED,3.4155555555555552
6185,8204901,2025-09-01,WHOLE BLOOD,ABATTOIR,PORCINE,ACD,GENDER UNSPECIFIED,3.4155555555555552
6186,8204901,2025-10-01,WHOLE BLOOD,ABATTOIR,PORCINE,ACD,GENDER UNSPECIFIED,3.4155555555555552
6187,8204901,2025-11-01,WHOLE BLOOD,ABATTOIR,PORCINE,ACD,GENDER UNSPECIFIED,3.4155555555555552
6188,8204901,2025-12-01,WHOLE BLOOD,ABATTOIR,PORCINE,ACD,GENDER UNSPECIFIED,3.4155555555555552
6189,8204901,2026-01-01,WHOLE BLOOD,ABATTOIR,PORCINE,ACD,GENDER UNSPECIFIED,3.4155555555555552
6190,8204901,2026-02-01,WHOLE BLOOD,ABATTOIR,PORCINE,ACD,GENDER UNSPECIFIED,3.4155555555555552
6191,8204901,2026-03-01,WHOLE BLOOD,ABATTOIR,PORCINE,ACD,GENDER UNSPECIFIED,3.4155555555555552
6192,8204901,2026-04-01,WHOLE BLOOD,ABATTOIR,PORCINE,ACD,GENDER UNSPECIFIED,3.4155555555555552
6193,8620853,2025-05-01,"GLANDS, TISSUES & ORGANS",ABATTOIR-SYNOVIAL FLUID,BOVINE,NONE,GENDER UNSPECIFIED,0.4363688422688424
6194,8620853,2025-06-01,"GLANDS, TISSUES & ORGANS",ABATTOIR-SYNOVIAL FLUID,BOVINE,NONE,GENDER UNSPECIFIED,0.2386266344766344
6195,8620853,2025-07-01,"GLANDS, TISSUES & ORGANS",ABATTOIR-SYNOVIAL FLUID,BOVINE,NONE,GENDER UNSPECIFIED,0.3083539682539682
6196,8620853,2025-08-01,"GLANDS, TISSUES & ORGANS",ABATTOIR-SYNOVIAL FLUID,BOVINE,NONE,GENDER UNSPECIFIED,0.28261703851703857
6197,8620853,2025-09-01,"GLANDS, TISSUES & ORGANS",ABATTOIR-SYNOVIAL FLUID,BOVINE,NONE,GENDER UNSPECIFIED,0.26910816405816407
6198,8620853,2025-10-01,"GLANDS, TISSUES & ORGANS",ABATTOIR-SYNOVIAL FLUID,BOVINE,NONE,GENDER UNSPECIFIED,0.26840556665556664
6199,8620853,2025-11-01,"GLANDS, TISSUES & ORGANS",ABATTOIR-SYNOVIAL FLUID,BOVINE,NONE,GENDER UNSPECIFIED,0.2578988566988567
6200,8620853,2025-12-01,"GLANDS, TISSUES & ORGANS",ABATTOIR-SYNOVIAL FLUID,BOVINE,NONE,GENDER UNSPECIFIED,0.25883038628038635
6201,8620853,2026-01-01,"GLANDS, TISSUES & ORGANS",ABATTOIR-SYNOVIAL FLUID,BOVINE,NONE,GENDER UNSPECIFIED,0.23188998223998225
6202,8620853,2026-02-01,"GLANDS, TISSUES & ORGANS",ABATTOIR-SYNOVIAL FLUID,BOVINE,NONE,GENDER UNSPECIFIED,0.21319835164835166
6203,8620853,2026-03-01,"GLANDS, TISSUES & ORGANS",ABATTOIR-SYNOVIAL FLUID,BOVINE,NONE,GENDER UNSPECIFIED,0.21319835164835166
6204,8620853,2026-04-01,"GLANDS, TISSUES & ORGANS",ABATTOIR-SYNOVIAL FLUID,BOVINE,NONE,GENDER UNSPECIFIED,0.21539835164835167
6518,8200811,2025-05-01,WHOLE BLOOD,ABATTOIR,BOVINE,NA-HEPARIN,GENDER UNSPECIFIED,13.431420634920636
6519,8200811,2025-06-01,WHOLE BLOOD,ABATTOIR,BOVINE,NA-HEPARIN,GENDER UNSPECIFIED,16.805134920634924
6520,8200811,2025-07-01,WHOLE BLOOD,ABATTOIR,BOVINE,NA-HEPARIN,GENDER UNSPECIFIED,17.650849206349207
6521,8200811,2025-08-01,WHOLE BLOOD,ABATTOIR,BOVINE,NA-HEPARIN,GENDER UNSPECIFIED,19.612268398268398
6522,8200811,2025-09-01,WHOLE BLOOD,ABATTOIR,BOVINE,NA-HEPARIN,GENDER UNSPECIFIED,24.556030303030298
6523,8200811,2025-10-01,WHOLE BLOOD,ABATTOIR,BOVINE,NA-HEPARIN,GENDER UNSPECIFIED,33.4292113997114
6524,8200811,2025-11-01,WHOLE BLOOD,ABATTOIR,BOVINE,NA-HEPARIN,GENDER UNSPECIFIED,16.32083982683983
6525,8200811,2025-12-01,WHOLE BLOOD,ABATTOIR,BOVINE,NA-HEPARIN,GENDER UNSPECIFIED,19.694554112554112
6526,8200811,2026-01-01,WHOLE BLOOD,ABATTOIR,BOVINE,NA-HEPARIN,GENDER UNSPECIFIED,19.612268398268398
6527,8200811,2026-02-01,WHOLE BLOOD,ABATTOIR,BOVINE,NA-HEPARIN,GENDER UNSPECIFIED,24.556030303030298
6528,8200811,2026-03-01,WHOLE BLOOD,ABATTOIR,BOVINE,NA-HEPARIN,GENDER UNSPECIFIED,38.372973304473305
6529,8200811,2026-04-01,WHOLE BLOOD,ABATTOIR,BOVINE,NA-HEPARIN,GENDER UNSPECIFIED,30.459568542568544
6602,8204906,2025-05-01,WHOLE BLOOD,ABATTOIR,PORCINE,NA-CITRATE,GENDER UNSPECIFIED,1.6446047841047844
6603,8204906,2025-06-01,WHOLE BLOOD,ABATTOIR,PORCINE,NA-CITRATE,GENDER UNSPECIFIED,1.7033428793428798
6604,8204906,2025-07-01,WHOLE BLOOD,ABATTOIR,PORCINE,NA-CITRATE,GENDER UNSPECIFIED,3.0104907869907866
6605,8204906,2025-08-01,WHOLE BLOOD,ABATTOIR,PORCINE,NA-CITRATE,GENDER UNSPECIFIED,3.529351537351537
6606,8204906,2025-09-01,WHOLE BLOOD,ABATTOIR,PORCINE,NA-CITRATE,GENDER UNSPECIFIED,6.338521090021089
6607,8204906,2025-10-01,WHOLE BLOOD,ABATTOIR,PORCINE,NA-CITRATE,GENDER UNSPECIFIED,6.839433788433787
6608,8204906,2025-11-01,WHOLE BLOOD,ABATTOIR,PORCINE,NA-CITRATE,GENDER UNSPECIFIED,1.5891206571206573
6609,8204906,2025-12-01,WHOLE BLOOD,ABATTOIR,PORCINE,NA-CITRATE,GENDER UNSPECIFIED,1.7033428793428798
6610,8204906,2026-01-01,WHOLE BLOOD,ABATTOIR,PORCINE,NA-CITRATE,GENDER UNSPECIFIED,3.889114885114885
6611,8204906,2026-02-01,WHOLE BLOOD,ABATTOIR,PORCINE,NA-CITRATE,GENDER UNSPECIFIED,3.887749805749806
6612,8204906,2026-03-01,WHOLE BLOOD,ABATTOIR,PORCINE,NA-CITRATE,GENDER UNSPECIFIED,2.78216539016539
6613,8204906,2026-04-01,WHOLE BLOOD,ABATTOIR,PORCINE,NA-CITRATE,GENDER UNSPECIFIED,6.3198861693861685
8224,7248508,2025-05-01,WASHED CELLS,10%,RHESUS,ALSEVERS,GENDER UNSPECIFIED,0.7893232878232879
8225,7248508,2025-06-01,WASHED CELLS,10%,RHESUS,ALSEVERS,GENDER UNSPECIFIED,0.9706091797091797
8226,7248508,2025-07-01,WASHED CELLS,10%,RHESUS,ALSEVERS,GENDER UNSPECIFIED,0.8569021423021423
8227,7248508,2025-08-01,WASHED CELLS,10%,RHESUS,ALSEVERS,GENDER UNSPECIFIED,0.7973121767121768
8228,7248508,2025-09-01,WASHED CELLS,10%,RHESUS,ALSEVERS,GENDER UNSPECIFIED,0.9113046065046063
8229,7248508,2025-10-01,WASHED CELLS,10%,RHESUS,ALSEVERS,GENDER UNSPECIFIED,0.9676091797091799
8230,7248508,2025-11-01,WASHED CELLS,10%,RHESUS,ALSEVERS,GENDER UNSPECIFIED,0.8604021423021425
8231,7248508,2025-12-01,WASHED CELLS,10%,RHESUS,ALSEVERS,GENDER UNSPECIFIED,0.7928232878232879
8232,7248508,2026-01-01,WASHED CELLS,10%,RHESUS,ALSEVERS,GENDER UNSPECIFIED,0.9627000888000887
8233,7248508,2026-02-01,WASHED CELLS,10%,RHESUS,ALSEVERS,GENDER UNSPECIFIED,0.9112110001110005
8234,7248508,2026-03-01,WASHED CELLS,10%,RHESUS,ALSEVERS,GENDER UNSPECIFIED,0.7815405039405043
8235,7248508,2026-04-01,WASHED CELLS,10%,RHESUS,ALSEVERS,GENDER UNSPECIFIED,0.7928232878232879
8390,8204905,2025-05-01,WHOLE BLOOD,ABATTOIR,PORCINE,CPDA-1,GENDER UNSPECIFIED,8.0
8391,8204905,2025-06-01,WHOLE BLOOD,ABATTOIR,PORCINE,CPDA-1,GENDER UNSPECIFIED,8.0
13516,7720113,2025-05-01,WASHED CELLS,5%,CHICKEN,ALSEVERS,GENDER UNSPECIFIED,1.0220791378066374
13517,7720113,2025-06-01,WASHED CELLS,5%,CHICKEN,ALSEVERS,GENDER UNSPECIFIED,1.024062867132867
13518,7720113,2025-07-01,WASHED CELLS,5%,CHICKEN,ALSEVERS,GENDER UNSPECIFIED,0.777302748085248
13519,7720113,2025-08-01,WASHED CELLS,5%,CHICKEN,ALSEVERS,GENDER UNSPECIFIED,0.8042393896136545
13520,7720113,2025-09-01,WASHED CELLS,5%,CHICKEN,ALSEVERS,GENDER UNSPECIFIED,0.7749812899355547
13521,7720113,2025-10-01,WASHED CELLS,5%,CHICKEN,ALSEVERS,GENDER UNSPECIFIED,0.7913505340247988
13522,7720113,2025-11-01,WASHED CELLS,5%,CHICKEN,ALSEVERS,GENDER UNSPECIFIED,0.7916610895803542
13523,7720113,2025-12-01,WASHED CELLS,5%,CHICKEN,ALSEVERS,GENDER UNSPECIFIED,0.8328512735630383
13524,7720113,2026-01-01,WASHED CELLS,5%,CHICKEN,ALSEVERS,GENDER UNSPECIFIED,0.8988549207491855
13525,7720113,2026-02-01,WASHED CELLS,5%,CHICKEN,ALSEVERS,GENDER UNSPECIFIED,0.8675508166833166
13526,7720113,2026-03-01,WASHED CELLS,5%,CHICKEN,ALSEVERS,GENDER UNSPECIFIED,0.8417664847407496
13527,7720113,2026-04-01,WASHED CELLS,5%,CHICKEN,ALSEVERS,GENDER UNSPECIFIED,0.7916646507414157
13528,7720031,2025-05-01,WHOLE BLOOD,DONOR,ALLIGATOR,ALSEVERS,GENDER UNSPECIFIED,37.74080888555888
13529,7720031,2025-06-01,WHOLE BLOOD,DONOR,ALLIGATOR,ALSEVERS,GENDER UNSPECIFIED,35.95316389166389
13530,7720031,2025-07-01,WHOLE BLOOD,DONOR,ALLIGATOR,ALSEVERS,GENDER UNSPECIFIED,35.955542887667896
13531,7720031,2025-08-01,WHOLE BLOOD,DONOR,ALLIGATOR,ALSEVERS,GENDER UNSPECIFIED,36.29870630758132
13532,7720031,2025-09-01,WHOLE BLOOD,DONOR,ALLIGATOR,ALSEVERS,GENDER UNSPECIFIED,42.27196076146077
13533,7720031,2025-10-01,WHOLE BLOOD,DONOR,ALLIGATOR,ALSEVERS,GENDER UNSPECIFIED,45.036819957819944
13534,7720031,2025-11-01,WHOLE BLOOD,DONOR,ALLIGATOR,ALSEVERS,GENDER UNSPECIFIED,39.6173096070596
13535,7720031,2025-12-01,WHOLE BLOOD,DONOR,ALLIGATOR,ALSEVERS,GENDER UNSPECIFIED,39.6173096070596
13536,7720031,2026-01-01,WHOLE BLOOD,DONOR,ALLIGATOR,ALSEVERS,GENDER UNSPECIFIED,39.59600657675658
13537,7720031,2026-02-01,WHOLE BLOOD,DONOR,ALLIGATOR,ALSEVERS,GENDER UNSPECIFIED,40.42246905871906
13538,7720031,2026-03-01,WHOLE BLOOD,DONOR,ALLIGATOR,ALSEVERS,GENDER UNSPECIFIED,41.37792540792541
13539,7720031,2026-04-01,WHOLE BLOOD,DONOR,ALLIGATOR,ALSEVERS,GENDER UNSPECIFIED,41.37792540792541
13564,7720066,2025-05-01,WHOLE BLOOD,BROKER,RHESUS,NA-HEPARIN,GENDER UNSPECIFIED,0.03167194194694195
13565,7720066,2025-06-01,WHOLE BLOOD,BROKER,RHESUS,NA-HEPARIN,GENDER UNSPECIFIED,0.03344236263736265
13566,7720066,2025-07-01,WHOLE BLOOD,BROKER,RHESUS,NA-HEPARIN,GENDER UNSPECIFIED,0.022618959373959382
13567,7720066,2025-08-01,WHOLE BLOOD,BROKER,RHESUS,NA-HEPARIN,GENDER UNSPECIFIED,0.022013994893994897
13568,7720066,2025-09-01,WHOLE BLOOD,BROKER,RHESUS,NA-HEPARIN,GENDER UNSPECIFIED,0.022533630813630818
13569,7720066,2025-10-01,WHOLE BLOOD,BROKER,RHESUS,NA-HEPARIN,GENDER UNSPECIFIED,0.03350611222111223
13570,7720066,2025-11-01,WHOLE BLOOD,BROKER,RHESUS,NA-HEPARIN,GENDER UNSPECIFIED,0.030898811743811757
13571,7720066,2025-12-01,WHOLE BLOOD,BROKER,RHESUS,NA-HEPARIN,GENDER UNSPECIFIED,0.03145892329892331
13572,7720066,2026-01-01,WHOLE BLOOD,BROKER,RHESUS,NA-HEPARIN,GENDER UNSPECIFIED,0.02251007048507049
13573,7720066,2026-02-01,WHOLE BLOOD,BROKER,RHESUS,NA-HEPARIN,GENDER UNSPECIFIED,0.024793994893994902
13574,7720066,2026-03-01,WHOLE BLOOD,BROKER,RHESUS,NA-HEPARIN,GENDER UNSPECIFIED,0.02287648795648796
13575,7720066,2026-04-01,WHOLE BLOOD,BROKER,RHESUS,NA-HEPARIN,GENDER UNSPECIFIED,0.03350611222111223
13576,7200103,2025-05-01,WHOLE BLOOD,DONOR,ALLIGATOR,ALSEVERS,GENDER UNSPECIFIED,2.78096676934177
13577,7200103,2025-06-01,WHOLE BLOOD,DONOR,ALLIGATOR,ALSEVERS,GENDER UNSPECIFIED,4.765688842203548
13578,7200103,2025-07-01,WHOLE BLOOD,DONOR,ALLIGATOR,ALSEVERS,GENDER UNSPECIFIED,2.7514777776832737
13579,7200103,2025-08-01,WHOLE BLOOD,DONOR,ALLIGATOR,ALSEVERS,GENDER UNSPECIFIED,3.1062975412530376
13580,7200103,2025-09-01,WHOLE BLOOD,DONOR,ALLIGATOR,ALSEVERS,GENDER UNSPECIFIED,3.7305744000151906
13581,7200103,2025-10-01,WHOLE BLOOD,DONOR,ALLIGATOR,ALSEVERS,GENDER UNSPECIFIED,3.8185145687645687
13582,7200103,2025-11-01,WHOLE BLOOD,DONOR,ALLIGATOR,ALSEVERS,GENDER UNSPECIFIED,2.5140696580251536
13583,7200103,2025-12-01,WHOLE BLOOD,DONOR,ALLIGATOR,ALSEVERS,GENDER UNSPECIFIED,2.693125935081431
13584,7200103,2026-01-01,WHOLE BLOOD,DONOR,ALLIGATOR,ALSEVERS,GENDER UNSPECIFIED,2.67884571530121
13585,7200103,2026-02-01,WHOLE BLOOD,DONOR,ALLIGATOR,ALSEVERS,GENDER UNSPECIFIED,3.1143069452477357
13586,7200103,2026-03-01,WHOLE BLOOD,DONOR,ALLIGATOR,ALSEVERS,GENDER UNSPECIFIED,2.4464322953877913
13587,7200103,2026-04-01,WHOLE BLOOD,DONOR,ALLIGATOR,ALSEVERS,GENDER UNSPECIFIED,2.8177940447495406
13673,7721071,2025-05-01,WHOLE BLOOD,ABATTOIR,CHICKEN,ALSEVERS,GENDER UNSPECIFIED,1.9435800865800865
13674,7721071,2025-06-01,WHOLE BLOOD,ABATTOIR,CHICKEN,ALSEVERS,GENDER UNSPECIFIED,2.0110714285714284
13675,7721071,2025-07-01,WHOLE BLOOD,ABATTOIR,CHICKEN,ALSEVERS,GENDER UNSPECIFIED,1.944404761904762
13676,7721071,2025-08-01,WHOLE BLOOD,ABATTOIR,CHICKEN,ALSEVERS,GENDER UNSPECIFIED,2.0110714285714284
13677,7721071,2025-09-01,WHOLE BLOOD,ABATTOIR,CHICKEN,ALSEVERS,GENDER UNSPECIFIED,2.0010714285714286
13678,7721071,2025-10-01,WHOLE BLOOD,ABATTOIR,CHICKEN,ALSEVERS,GENDER UNSPECIFIED,2.0144047619047623
13679,7721071,2025-11-01,WHOLE BLOOD,ABATTOIR,CHICKEN,ALSEVERS,GENDER UNSPECIFIED,2.0010714285714286
13680,7721071,2025-12-01,WHOLE BLOOD,ABATTOIR,CHICKEN,ALSEVERS,GENDER UNSPECIFIED,2.0144047619047623
13681,7721071,2026-01-01,WHOLE BLOOD,ABATTOIR,CHICKEN,ALSEVERS,GENDER UNSPECIFIED,2.0010714285714286
13682,7721071,2026-02-01,WHOLE BLOOD,ABATTOIR,CHICKEN,ALSEVERS,GENDER UNSPECIFIED,2.0010714285714286
13683,7721071,2026-03-01,WHOLE BLOOD,ABATTOIR,CHICKEN,ALSEVERS,GENDER UNSPECIFIED,2.0010714285714286
14056,7720105,2025-05-01,WHOLE BLOOD,BROKER,RHESUS,ALSEVERS,GENDER UNSPECIFIED,0.49644765151515147
14057,7720105,2025-06-01,WHOLE BLOOD,BROKER,RHESUS,ALSEVERS,GENDER UNSPECIFIED,0.46198434634809643
14058,7720105,2025-07-01,WHOLE BLOOD,BROKER,RHESUS,ALSEVERS,GENDER UNSPECIFIED,0.5016238578088577
14059,7720105,2025-08-01,WHOLE BLOOD,BROKER,RHESUS,ALSEVERS,GENDER UNSPECIFIED,0.6801990529791847
14060,7720105,2025-09-01,WHOLE BLOOD,BROKER,RHESUS,ALSEVERS,GENDER UNSPECIFIED,0.6609027214452214
14061,7720105,2025-10-01,WHOLE BLOOD,BROKER,RHESUS,ALSEVERS,GENDER UNSPECIFIED,0.6243643706293706
14062,7720105,2025-11-01,WHOLE BLOOD,BROKER,RHESUS,ALSEVERS,GENDER UNSPECIFIED,0.6036329254079255
14063,7720105,2025-12-01,WHOLE BLOOD,BROKER,RHESUS,ALSEVERS,GENDER UNSPECIFIED,0.627110745920746
14064,7720105,2026-01-01,WHOLE BLOOD,BROKER,RHESUS,ALSEVERS,GENDER UNSPECIFIED,0.6101112587412587
14065,7720105,2026-02-01,WHOLE BLOOD,BROKER,RHESUS,ALSEVERS,GENDER UNSPECIFIED,0.629157092074592
14066,7720105,2026-03-01,WHOLE BLOOD,BROKER,RHESUS,ALSEVERS,GENDER UNSPECIFIED,0.629157092074592
14067,7720105,2026-04-01,WHOLE BLOOD,BROKER,RHESUS,ALSEVERS,GENDER UNSPECIFIED,0.629157092074592
14764,7203707,2025-05-01,WHOLE BLOOD,BROKER,HUMAN,K2-EDTA,GENDER UNSPECIFIED,0.06224012820512818
14765,7203707,2025-06-01,WHOLE BLOOD,BROKER,HUMAN,K2-EDTA,GENDER UNSPECIFIED,0.05572324064824063
14766,7203707,2025-07-01,WHOLE BLOOD,BROKER,HUMAN,K2-EDTA,GENDER UNSPECIFIED,0.028645626040626048
14767,7203707,2025-08-01,WHOLE BLOOD,BROKER,HUMAN,K2-EDTA,GENDER UNSPECIFIED,0.035936311466311474
14768,7203707,2025-09-01,WHOLE BLOOD,BROKER,HUMAN,K2-EDTA,GENDER UNSPECIFIED,0.04177218448218447
14769,7203707,2025-10-01,WHOLE BLOOD,BROKER,HUMAN,K2-EDTA,GENDER UNSPECIFIED,0.021130467310467308
14770,7203707,2025-11-01,WHOLE BLOOD,BROKER,HUMAN,K2-EDTA,GENDER UNSPECIFIED,0.03383789155289156
14771,7203707,2025-12-01,WHOLE BLOOD,BROKER,HUMAN,K2-EDTA,GENDER UNSPECIFIED,0.032447836607836615
14772,7203707,2026-01-01,WHOLE BLOOD,BROKER,HUMAN,K2-EDTA,GENDER UNSPECIFIED,0.03247336774336775
14773,7203707,2026-02-01,WHOLE BLOOD,BROKER,HUMAN,K2-EDTA,GENDER UNSPECIFIED,0.035936311466311474
14774,7203707,2026-03-01,WHOLE BLOOD,BROKER,HUMAN,K2-EDTA,GENDER UNSPECIFIED,0.04177218448218447
14775,7203707,2026-04-01,WHOLE BLOOD,BROKER,HUMAN,K2-EDTA,GENDER UNSPECIFIED,0.021130467310467308
15185,7203710,2025-05-01,WHOLE BLOOD,BROKER,HUMAN,LI-HEPARIN,GENDER UNSPECIFIED,0.07450000000000002
15186,7203710,2025-06-01,WHOLE BLOOD,BROKER,HUMAN,LI-HEPARIN,GENDER UNSPECIFIED,0.07450000000000002
15187,7203710,2025-07-01,WHOLE BLOOD,BROKER,HUMAN,LI-HEPARIN,GENDER UNSPECIFIED,0.07450000000000002
15188,7203710,2025-08-01,WHOLE BLOOD,BROKER,HUMAN,LI-HEPARIN,GENDER UNSPECIFIED,0.07450000000000002
15189,7203710,2025-09-01,WHOLE BLOOD,BROKER,HUMAN,LI-HEPARIN,GENDER UNSPECIFIED,0.07450000000000002
15190,7203710,2025-10-01,WHOLE BLOOD,BROKER,HUMAN,LI-HEPARIN,GENDER UNSPECIFIED,0.07450000000000002
15191,7203710,2025-11-01,WHOLE BLOOD,BROKER,HUMAN,LI-HEPARIN,GENDER UNSPECIFIED,0.07450000000000002
15192,7203710,2025-12-01,WHOLE BLOOD,BROKER,HUMAN,LI-HEPARIN,GENDER UNSPECIFIED,0.07450000000000002
15193,7203710,2026-01-01,WHOLE BLOOD,BROKER,HUMAN,LI-HEPARIN,GENDER UNSPECIFIED,0.07450000000000002
15194,7203710,2026-02-01,WHOLE BLOOD,BROKER,HUMAN,LI-HEPARIN,GENDER UNSPECIFIED,0.07450000000000002
15195,7203710,2026-03-01,WHOLE BLOOD,BROKER,HUMAN,LI-HEPARIN,GENDER UNSPECIFIED,0.07450000000000002
15419,7203711,2025-05-01,WHOLE BLOOD,BROKER,HUMAN,NA-HEPARIN,GENDER UNSPECIFIED,1.0589
15420,7203711,2025-06-01,WHOLE BLOOD,BROKER,HUMAN,NA-HEPARIN,GENDER UNSPECIFIED,1.0589
15421,7203711,2025-07-01,WHOLE BLOOD,BROKER,HUMAN,NA-HEPARIN,GENDER UNSPECIFIED,1.0589
15422,7203711,2025-08-01,WHOLE BLOOD,BROKER,HUMAN,NA-HEPARIN,GENDER UNSPECIFIED,1.0589
15423,7203711,2025-09-01,WHOLE BLOOD,BROKER,HUMAN,NA-HEPARIN,GENDER UNSPECIFIED,1.0589
15424,7203711,2025-10-01,WHOLE BLOOD,BROKER,HUMAN,NA-HEPARIN,GENDER UNSPECIFIED,1.0589
22099,7249408,2025-05-01,WASHED CELLS,10%,TURKEY,ALSEVERS,GENDER UNSPECIFIED,0.10495285353535351
22100,7241408,2025-05-01,WASHED CELLS,10%,CHICKEN,ALSEVERS,GENDER UNSPECIFIED,1.6000010592185594
22101,7241408,2025-06-01,WASHED CELLS,10%,CHICKEN,ALSEVERS,GENDER UNSPECIFIED,1.690116838716839
22102,7241408,2025-07-01,WASHED CELLS,10%,CHICKEN,ALSEVERS,GENDER UNSPECIFIED,1.6543453246753248
22103,7241408,2025-08-01,WASHED CELLS,10%,CHICKEN,ALSEVERS,GENDER UNSPECIFIED,1.5119996475746476
22104,7241408,2025-09-01,WASHED CELLS,10%,CHICKEN,ALSEVERS,GENDER UNSPECIFIED,1.5555710905760907
22105,7241408,2025-10-01,WASHED CELLS,10%,CHICKEN,ALSEVERS,GENDER UNSPECIFIED,1.6092667218892223
22106,7241408,2025-11-01,WASHED CELLS,10%,CHICKEN,ALSEVERS,GENDER UNSPECIFIED,1.66134840992341
22107,7241408,2025-12-01,WASHED CELLS,10%,CHICKEN,ALSEVERS,GENDER UNSPECIFIED,1.5616590767565761
22108,7241408,2026-01-01,WASHED CELLS,10%,CHICKEN,ALSEVERS,GENDER UNSPECIFIED,1.5314980197580197
22109,7241408,2026-02-01,WASHED CELLS,10%,CHICKEN,ALSEVERS,GENDER UNSPECIFIED,1.575570311355312
22110,7241408,2026-03-01,WASHED CELLS,10%,CHICKEN,ALSEVERS,GENDER UNSPECIFIED,1.6170359382284385
22111,7241408,2026-04-01,WASHED CELLS,10%,CHICKEN,ALSEVERS,GENDER UNSPECIFIED,1.6302063644688642
22160,7241409,2025-05-01,WASHED CELLS,5%,CHICKEN,ALSEVERS,GENDER UNSPECIFIED,0.5503689756811816
22161,7241409,2025-06-01,WASHED CELLS,5%,CHICKEN,ALSEVERS,GENDER UNSPECIFIED,0.5933697956945015
22162,7241409,2025-07-01,WASHED CELLS,5%,CHICKEN,ALSEVERS,GENDER UNSPECIFIED,0.5906128229450289
22163,7241409,2025-08-01,WASHED CELLS,5%,CHICKEN,ALSEVERS,GENDER UNSPECIFIED,0.6024317767689826
22164,7241409,2025-09-01,WASHED CELLS,5%,CHICKEN,ALSEVERS,GENDER UNSPECIFIED,0.57947238421709
22165,7241409,2025-10-01,WASHED CELLS,5%,CHICKEN,ALSEVERS,GENDER UNSPECIFIED,0.58990744415715
22166,7241409,2025-11-01,WASHED CELLS,5%,CHICKEN,ALSEVERS,GENDER UNSPECIFIED,0.5795874635821694
22167,7241409,2025-12-01,WASHED CELLS,5%,CHICKEN,ALSEVERS,GENDER UNSPECIFIED,0.5824136540583599
22168,7241409,2026-01-01,WASHED CELLS,5%,CHICKEN,ALSEVERS,GENDER UNSPECIFIED,0.5824136540583599
22169,7241409,2026-02-01,WASHED CELLS,5%,CHICKEN,ALSEVERS,GENDER UNSPECIFIED,0.5824136540583599
22170,7241409,2026-03-01,WASHED CELLS,5%,CHICKEN,ALSEVERS,GENDER UNSPECIFIED,0.5824136540583599
22171,7241409,2026-04-01,WASHED CELLS,5%,CHICKEN,ALSEVERS,GENDER UNSPECIFIED,0.5824136540583599
22205,7244907,2025-05-01,WASHED CELLS,5%,PORCINE,ALSEVERS,GENDER UNSPECIFIED,0.03863333333333334
22206,7244907,2025-06-01,WASHED CELLS,5%,PORCINE,ALSEVERS,GENDER UNSPECIFIED,0.03863333333333334
22207,7244907,2025-07-01,WASHED CELLS,5%,PORCINE,ALSEVERS,GENDER UNSPECIFIED,0.03863333333333334
22268,7239001,2025-05-01,WHOLE BLOOD,DEFIB,SHEEP,NONE,GENDER UNSPECIFIED,11.341304587079588
22269,7239001,2025-06-01,WHOLE BLOOD,DEFIB,SHEEP,NONE,GENDER UNSPECIFIED,15.927662165612167
22270,7239001,2025-07-01,WHOLE BLOOD,DEFIB,SHEEP,NONE,GENDER UNSPECIFIED,14.58459095071595
22271,7239001,2025-08-01,WHOLE BLOOD,DEFIB,SHEEP,NONE,GENDER UNSPECIFIED,13.348293731268727
22272,7239001,2025-09-01,WHOLE BLOOD,DEFIB,SHEEP,NONE,GENDER UNSPECIFIED,11.86365177322677
22273,7239001,2025-10-01,WHOLE BLOOD,DEFIB,SHEEP,NONE,GENDER UNSPECIFIED,11.317021253746253
22274,7239001,2025-11-01,WHOLE BLOOD,DEFIB,SHEEP,NONE,GENDER UNSPECIFIED,12.526487198912196
22275,7239001,2025-12-01,WHOLE BLOOD,DEFIB,SHEEP,NONE,GENDER UNSPECIFIED,12.198384817959816
22276,7239001,2026-01-01,WHOLE BLOOD,DEFIB,SHEEP,NONE,GENDER UNSPECIFIED,12.496100005550002
22277,7239001,2026-02-01,WHOLE BLOOD,DEFIB,SHEEP,NONE,GENDER UNSPECIFIED,12.496100005550002
22278,7239001,2026-03-01,WHOLE BLOOD,DEFIB,SHEEP,NONE,GENDER UNSPECIFIED,12.689100005550001
22279,7239001,2026-04-01,WHOLE BLOOD,DEFIB,SHEEP,NONE,GENDER UNSPECIFIED,12.496100005550002
22295,7249409,2025-05-01,WASHED CELLS,5%,TURKEY,ALSEVERS,GENDER UNSPECIFIED,0.2052186030636031
22296,7249409,2025-06-01,WASHED CELLS,5%,TURKEY,ALSEVERS,GENDER UNSPECIFIED,0.2052186030636031
22297,7249409,2025-07-01,WASHED CELLS,5%,TURKEY,ALSEVERS,GENDER UNSPECIFIED,0.2052186030636031
22298,7249409,2025-08-01,WASHED CELLS,5%,TURKEY,ALSEVERS,GENDER UNSPECIFIED,0.2052186030636031
22299,7249409,2025-09-01,WASHED CELLS,5%,TURKEY,ALSEVERS,GENDER UNSPECIFIED,0.2052186030636031
22300,7249409,2025-10-01,WASHED CELLS,5%,TURKEY,ALSEVERS,GENDER UNSPECIFIED,0.2052186030636031
22301,7249409,2025-11-01,WASHED CELLS,5%,TURKEY,ALSEVERS,GENDER UNSPECIFIED,0.2052186030636031
22302,7249409,2025-12-01,WASHED CELLS,5%,TURKEY,ALSEVERS,GENDER UNSPECIFIED,0.2052186030636031
22303,7249409,2026-01-01,WASHED CELLS,5%,TURKEY,ALSEVERS,GENDER UNSPECIFIED,0.2052186030636031
22388,7210830,2025-05-01,WHOLE BLOOD,HEMATOCRIT ADJUSTED,BOVINE,NA-EDTA,GENDER UNSPECIFIED,28.422711066711067
22389,7210830,2025-06-01,WHOLE BLOOD,HEMATOCRIT ADJUSTED,BOVINE,NA-EDTA,GENDER UNSPECIFIED,39.69807814407815
22390,7210830,2025-07-01,WHOLE BLOOD,HEMATOCRIT ADJUSTED,BOVINE,NA-EDTA,GENDER UNSPECIFIED,44.53282539682538
22391,7210830,2025-08-01,WHOLE BLOOD,HEMATOCRIT ADJUSTED,BOVINE,NA-EDTA,GENDER UNSPECIFIED,37.54698257298258
22392,7210830,2025-09-01,WHOLE BLOOD,HEMATOCRIT ADJUSTED,BOVINE,NA-EDTA,GENDER UNSPECIFIED,33.26379131979132
22393,7210830,2025-10-01,WHOLE BLOOD,HEMATOCRIT ADJUSTED,BOVINE,NA-EDTA,GENDER UNSPECIFIED,43.51301032301033
22394,7210830,2025-11-01,WHOLE BLOOD,HEMATOCRIT ADJUSTED,BOVINE,NA-EDTA,GENDER UNSPECIFIED,30.52262493062494
22395,7210830,2025-12-01,WHOLE BLOOD,HEMATOCRIT ADJUSTED,BOVINE,NA-EDTA,GENDER UNSPECIFIED,33.9267425907426
22396,7210830,2026-01-01,WHOLE BLOOD,HEMATOCRIT ADJUSTED,BOVINE,NA-EDTA,GENDER UNSPECIFIED,37.1364590964591
22397,7210830,2026-02-01,WHOLE BLOOD,HEMATOCRIT ADJUSTED,BOVINE,NA-EDTA,GENDER UNSPECIFIED,33.62724253524254
22398,7210830,2026-03-01,WHOLE BLOOD,HEMATOCRIT ADJUSTED,BOVINE,NA-EDTA,GENDER UNSPECIFIED,30.98764080364081
22399,7210830,2026-04-01,WHOLE BLOOD,HEMATOCRIT ADJUSTED,BOVINE,NA-EDTA,GENDER UNSPECIFIED,36.300382950382954
22460,7240808,2025-05-01,WASHED CELLS,10%,BOVINE,ALSEVERS,GENDER UNSPECIFIED,0.10973801615051614
22461,7240808,2025-06-01,WASHED CELLS,10%,BOVINE,ALSEVERS,GENDER UNSPECIFIED,0.10840506271506271
22462,7240808,2025-07-01,WASHED CELLS,10%,BOVINE,ALSEVERS,GENDER UNSPECIFIED,0.09851750638250634
22463,7240808,2025-08-01,WASHED CELLS,10%,BOVINE,ALSEVERS,GENDER UNSPECIFIED,0.09994232101232098
22464,7240808,2025-09-01,WASHED CELLS,10%,BOVINE,ALSEVERS,GENDER UNSPECIFIED,0.12056202047952043
22465,7240808,2025-10-01,WASHED CELLS,10%,BOVINE,ALSEVERS,GENDER UNSPECIFIED,0.14070526057276056
22466,7240808,2025-11-01,WASHED CELLS,10%,BOVINE,ALSEVERS,GENDER UNSPECIFIED,0.12006198801198799
22467,7240808,2025-12-01,WASHED CELLS,10%,BOVINE,ALSEVERS,GENDER UNSPECIFIED,0.1215880486180486
22468,7240808,2026-01-01,WASHED CELLS,10%,BOVINE,ALSEVERS,GENDER UNSPECIFIED,0.12687823038073037
22469,7240808,2026-02-01,WASHED CELLS,10%,BOVINE,ALSEVERS,GENDER UNSPECIFIED,0.12227417055167054
22470,7240808,2026-03-01,WASHED CELLS,10%,BOVINE,ALSEVERS,GENDER UNSPECIFIED,0.12617528971028968
22471,7240808,2026-04-01,WASHED CELLS,10%,BOVINE,ALSEVERS,GENDER UNSPECIFIED,0.13699049533799532
22484,7230801,2025-05-01,WHOLE BLOOD,DEFIB,BOVINE,NONE,GENDER UNSPECIFIED,10.289361796536792
22485,7230801,2025-06-01,WHOLE BLOOD,DEFIB,BOVINE,NONE,GENDER UNSPECIFIED,9.560929040404035
22486,7230801,2025-07-01,WHOLE BLOOD,DEFIB,BOVINE,NONE,GENDER UNSPECIFIED,9.091015656565652
22487,7230801,2025-08-01,WHOLE BLOOD,DEFIB,BOVINE,NONE,GENDER UNSPECIFIED,2.5909939588189594
22488,7230801,2025-09-01,WHOLE BLOOD,DEFIB,BOVINE,NONE,GENDER UNSPECIFIED,2.873395743145744
22489,7230801,2025-10-01,WHOLE BLOOD,DEFIB,BOVINE,NONE,GENDER UNSPECIFIED,3.8287976911976913
22490,7230801,2025-11-01,WHOLE BLOOD,DEFIB,BOVINE,NONE,GENDER UNSPECIFIED,9.238339069264065
22491,7230801,2025-12-01,WHOLE BLOOD,DEFIB,BOVINE,NONE,GENDER UNSPECIFIED,8.410854148629147
22492,7230801,2026-01-01,WHOLE BLOOD,DEFIB,BOVINE,NONE,GENDER UNSPECIFIED,8.034937481962478
22493,7230801,2026-02-01,WHOLE BLOOD,DEFIB,BOVINE,NONE,GENDER UNSPECIFIED,2.12259753024753
22494,7230801,2026-03-01,WHOLE BLOOD,DEFIB,BOVINE,NONE,GENDER UNSPECIFIED,2.649768814518814
22495,7230801,2026-04-01,WHOLE BLOOD,DEFIB,BOVINE,NONE,GENDER UNSPECIFIED,3.556021520146521
22556,7209006,2025-05-01,WHOLE BLOOD,DONOR,SHEEP,NA-CITRATE,GENDER UNSPECIFIED,0.9156260850260852
22557,7209006,2025-06-01,WHOLE BLOOD,DONOR,SHEEP,NA-CITRATE,GENDER UNSPECIFIED,1.5608409812409816
22558,7209006,2025-07-01,WHOLE BLOOD,DONOR,SHEEP,NA-CITRATE,GENDER UNSPECIFIED,2.5225175713175707
22559,7209006,2025-08-01,WHOLE BLOOD,DONOR,SHEEP,NA-CITRATE,GENDER UNSPECIFIED,2.0430606671106673
22560,7209006,2025-09-01,WHOLE BLOOD,DONOR,SHEEP,NA-CITRATE,GENDER UNSPECIFIED,1.6225922854922856
22561,7209006,2025-10-01,WHOLE BLOOD,DONOR,SHEEP,NA-CITRATE,GENDER UNSPECIFIED,1.0226914474414475
22562,7209006,2025-11-01,WHOLE BLOOD,DONOR,SHEEP,NA-CITRATE,GENDER UNSPECIFIED,0.48307472527472517
22563,7209006,2025-12-01,WHOLE BLOOD,DONOR,SHEEP,NA-CITRATE,GENDER UNSPECIFIED,0.5482145521145521
22564,7209006,2026-01-01,WHOLE BLOOD,DONOR,SHEEP,NA-CITRATE,GENDER UNSPECIFIED,1.1013921300921303
22565,7209006,2026-02-01,WHOLE BLOOD,DONOR,SHEEP,NA-CITRATE,GENDER UNSPECIFIED,1.594272438672439
22566,7209006,2026-03-01,WHOLE BLOOD,DONOR,SHEEP,NA-CITRATE,GENDER UNSPECIFIED,1.5906225663225664
22567,7209006,2026-04-01,WHOLE BLOOD,DONOR,SHEEP,NA-CITRATE,GENDER UNSPECIFIED,2.3850211788211784
22580,7230801,2025-05-01,WHOLE BLOOD,DONOR,BOVINE,NONE,GENDER UNSPECIFIED,10.289361796536792
22581,7230801,2025-06-01,WHOLE BLOOD,DONOR,BOVINE,NONE,GENDER UNSPECIFIED,9.560929040404035
22582,7230801,2025-07-01,WHOLE BLOOD,DONOR,BOVINE,NONE,GENDER UNSPECIFIED,9.091015656565652
22583,7230801,2025-08-01,WHOLE BLOOD,DONOR,BOVINE,NONE,GENDER UNSPECIFIED,2.5909939588189594
22584,7230801,2025-09-01,WHOLE BLOOD,DONOR,BOVINE,NONE,GENDER UNSPECIFIED,2.873395743145744
22585,7230801,2025-10-01,WHOLE BLOOD,DONOR,BOVINE,NONE,GENDER UNSPECIFIED,3.8287976911976913
22586,7230801,2025-11-01,WHOLE BLOOD,DONOR,BOVINE,NONE,GENDER UNSPECIFIED,9.238339069264065
22587,7230801,2025-12-01,WHOLE BLOOD,DONOR,BOVINE,NONE,GENDER UNSPECIFIED,8.410854148629147
22588,7230801,2026-01-01,WHOLE BLOOD,DONOR,BOVINE,NONE,GENDER UNSPECIFIED,8.034937481962478
22589,7230801,2026-02-01,WHOLE BLOOD,DONOR,BOVINE,NONE,GENDER UNSPECIFIED,2.12259753024753
22590,7230801,2026-03-01,WHOLE BLOOD,DONOR,BOVINE,NONE,GENDER UNSPECIFIED,2.649768814518814
22591,7230801,2026-04-01,WHOLE BLOOD,DONOR,BOVINE,NONE,GENDER UNSPECIFIED,3.556021520146521
22592,7209003,2025-05-01,WHOLE BLOOD,DONOR,SHEEP,ALSEVERS,GENDER UNSPECIFIED,0.26994741369741376
22593,7209003,2025-06-01,WHOLE BLOOD,DONOR,SHEEP,ALSEVERS,GENDER UNSPECIFIED,0.3764726134976135
22594,7209003,2025-07-01,WHOLE BLOOD,DONOR,SHEEP,ALSEVERS,GENDER UNSPECIFIED,0.8756970973470972
22595,7209003,2025-08-01,WHOLE BLOOD,DONOR,SHEEP,ALSEVERS,GENDER UNSPECIFIED,0.8705323565323567
22596,7209003,2025-09-01,WHOLE BLOOD,DONOR,SHEEP,ALSEVERS,GENDER UNSPECIFIED,0.47759291819291816
22597,7209003,2025-10-01,WHOLE BLOOD,DONOR,SHEEP,ALSEVERS,GENDER UNSPECIFIED,0.8370634393384395
22598,7209003,2025-11-01,WHOLE BLOOD,DONOR,SHEEP,ALSEVERS,GENDER UNSPECIFIED,0.8447316544566548
22599,7209003,2025-12-01,WHOLE BLOOD,DONOR,SHEEP,ALSEVERS,GENDER UNSPECIFIED,0.22644304861804865
22600,7209003,2026-01-01,WHOLE BLOOD,DONOR,SHEEP,ALSEVERS,GENDER UNSPECIFIED,0.40670988455988455
22601,7209003,2026-02-01,WHOLE BLOOD,DONOR,SHEEP,ALSEVERS,GENDER UNSPECIFIED,0.9649514180264182
22602,7209003,2026-03-01,WHOLE BLOOD,DONOR,SHEEP,ALSEVERS,GENDER UNSPECIFIED,0.25140495337995344
22603,7209003,2026-04-01,WHOLE BLOOD,DONOR,SHEEP,ALSEVERS,GENDER UNSPECIFIED,0.3614726134976135
22616,7249008,2025-05-01,WASHED CELLS,10%,SHEEP,ALSEVERS,GENDER UNSPECIFIED,0.10668091214341216
22617,7249008,2025-06-01,WASHED CELLS,10%,SHEEP,ALSEVERS,GENDER UNSPECIFIED,0.11450939699189702
22618,7249008,2025-07-01,WASHED CELLS,10%,SHEEP,ALSEVERS,GENDER UNSPECIFIED,0.11587606365856368
22619,7249008,2025-08-01,WASHED CELLS,10%,SHEEP,ALSEVERS,GENDER UNSPECIFIED,0.1493084157509158
22620,7249008,2025-09-01,WASHED CELLS,10%,SHEEP,ALSEVERS,GENDER UNSPECIFIED,0.278520172882673
22621,7249008,2025-10-01,WASHED CELLS,10%,SHEEP,ALSEVERS,GENDER UNSPECIFIED,0.2778377222777224
22622,7249008,2025-11-01,WASHED CELLS,10%,SHEEP,ALSEVERS,GENDER UNSPECIFIED,0.10668091214341216
22623,7249008,2025-12-01,WASHED CELLS,10%,SHEEP,ALSEVERS,GENDER UNSPECIFIED,0.11450939699189702
22624,7249008,2026-01-01,WASHED CELLS,10%,SHEEP,ALSEVERS,GENDER UNSPECIFIED,0.11587606365856368
22625,7249008,2026-02-01,WASHED CELLS,10%,SHEEP,ALSEVERS,GENDER UNSPECIFIED,0.1515184157509158
22626,7249008,2026-03-01,WASHED CELLS,10%,SHEEP,ALSEVERS,GENDER UNSPECIFIED,0.278520172882673
22627,7249008,2026-04-01,WASHED CELLS,10%,SHEEP,ALSEVERS,GENDER UNSPECIFIED,0.2778377222777224
22664,7720103,2025-05-01,WHOLE BLOOD,DONOR,CHICKEN,ALSEVERS,GENDER UNSPECIFIED,0.6564934593184593
22665,7720103,2025-06-01,WHOLE BLOOD,DONOR,CHICKEN,ALSEVERS,GENDER UNSPECIFIED,0.6632811910311912
22666,7720103,2025-07-01,WHOLE BLOOD,DONOR,CHICKEN,ALSEVERS,GENDER UNSPECIFIED,0.6059553196803197
22667,7720103,2025-08-01,WHOLE BLOOD,DONOR,CHICKEN,ALSEVERS,GENDER UNSPECIFIED,0.6600152125652126
22668,7720103,2025-09-01,WHOLE BLOOD,DONOR,CHICKEN,ALSEVERS,GENDER UNSPECIFIED,0.673362984237984
22669,7720103,2025-10-01,WHOLE BLOOD,DONOR,CHICKEN,ALSEVERS,GENDER UNSPECIFIED,0.6382920079920078
22670,7720103,2025-11-01,WHOLE BLOOD,DONOR,CHICKEN,ALSEVERS,GENDER UNSPECIFIED,0.6405696414696415
22671,7720103,2025-12-01,WHOLE BLOOD,DONOR,CHICKEN,ALSEVERS,GENDER UNSPECIFIED,0.6304085303585302
22672,7720103,2026-01-01,WHOLE BLOOD,DONOR,CHICKEN,ALSEVERS,GENDER UNSPECIFIED,0.6304369186369185
22673,7720103,2026-02-01,WHOLE BLOOD,DONOR,CHICKEN,ALSEVERS,GENDER UNSPECIFIED,0.6306418636918636
22674,7720103,2026-03-01,WHOLE BLOOD,DONOR,CHICKEN,ALSEVERS,GENDER UNSPECIFIED,0.6306418636918636
22675,7720103,2026-04-01,WHOLE BLOOD,DONOR,CHICKEN,ALSEVERS,GENDER UNSPECIFIED,0.6306418636918636
23013,7720037,2025-05-01,WHOLE BLOOD,DONOR,GOOSE,ALSEVERS,MALE,0.3801793806193806
23014,7720037,2025-06-01,WHOLE BLOOD,DONOR,GOOSE,ALSEVERS,MALE,0.3832680319680319
23015,7720037,2025-07-01,WHOLE BLOOD,DONOR,GOOSE,ALSEVERS,MALE,0.3056537662337663
23016,7720037,2025-08-01,WHOLE BLOOD,DONOR,GOOSE,ALSEVERS,MALE,0.39649062937062945
23017,7720037,2025-09-01,WHOLE BLOOD,DONOR,GOOSE,ALSEVERS,MALE,0.39649062937062945
23018,7720037,2025-10-01,WHOLE BLOOD,DONOR,GOOSE,ALSEVERS,MALE,0.39649062937062945
23019,7720037,2025-11-01,WHOLE BLOOD,DONOR,GOOSE,ALSEVERS,MALE,0.39649062937062945
23020,7720037,2025-12-01,WHOLE BLOOD,DONOR,GOOSE,ALSEVERS,MALE,0.39649062937062945
23021,7720037,2026-01-01,WHOLE BLOOD,DONOR,GOOSE,ALSEVERS,MALE,0.39649062937062945
23022,7720037,2026-02-01,WHOLE BLOOD,DONOR,GOOSE,ALSEVERS,MALE,0.39649062937062945
23023,7720037,2026-03-01,WHOLE BLOOD,DONOR,GOOSE,ALSEVERS,MALE,0.39649062937062945
23024,7720037,2026-04-01,WHOLE BLOOD,DONOR,GOOSE,ALSEVERS,MALE,0.39649062937062945
23025,7720079,2025-05-01,WHOLE BLOOD,DONOR,GOOSE,ALSEVERS,GENDER UNSPECIFIED,0.19189278721278719
23026,7720079,2025-06-01,WHOLE BLOOD,DONOR,GOOSE,ALSEVERS,GENDER UNSPECIFIED,0.18423499999999998
23027,7720079,2025-07-01,WHOLE BLOOD,DONOR,GOOSE,ALSEVERS,GENDER UNSPECIFIED,0.15651006493506492
23028,7720079,2025-08-01,WHOLE BLOOD,DONOR,GOOSE,ALSEVERS,GENDER UNSPECIFIED,0.19342142357642356
23029,7720079,2025-09-01,WHOLE BLOOD,DONOR,GOOSE,ALSEVERS,GENDER UNSPECIFIED,0.19342142357642356
23030,7720079,2025-10-01,WHOLE BLOOD,DONOR,GOOSE,ALSEVERS,GENDER UNSPECIFIED,0.19342142357642356
23031,7720079,2025-11-01,WHOLE BLOOD,DONOR,GOOSE,ALSEVERS,GENDER UNSPECIFIED,0.19342142357642356
23032,7720079,2025-12-01,WHOLE BLOOD,DONOR,GOOSE,ALSEVERS,GENDER UNSPECIFIED,0.19342142357642356
23033,7720079,2026-01-01,WHOLE BLOOD,DONOR,GOOSE,ALSEVERS,GENDER UNSPECIFIED,0.19342142357642356
23034,7720079,2026-02-01,WHOLE BLOOD,DONOR,GOOSE,ALSEVERS,GENDER UNSPECIFIED,0.19342142357642356
23035,7720079,2026-03-01,WHOLE BLOOD,DONOR,GOOSE,ALSEVERS,GENDER UNSPECIFIED,0.19342142357642356
23036,7720079,2026-04-01,WHOLE BLOOD,DONOR,GOOSE,ALSEVERS,GENDER UNSPECIFIED,0.19342142357642356
23121,7720084,2025-05-01,WHOLE BLOOD,DONOR,BOVINE,ACD,GENDER UNSPECIFIED,0.5877179487179488
23122,7720084,2025-06-01,WHOLE BLOOD,DONOR,BOVINE,ACD,GENDER UNSPECIFIED,1.058846597846598
23123,7720084,2025-07-01,WHOLE BLOOD,DONOR,BOVINE,ACD,GENDER UNSPECIFIED,0.6749969474969475
23124,7720084,2025-08-01,WHOLE BLOOD,DONOR,BOVINE,ACD,GENDER UNSPECIFIED,0.7332368742368743
23125,7720084,2025-09-01,WHOLE BLOOD,DONOR,BOVINE,ACD,GENDER UNSPECIFIED,0.745691391941392
23126,7720084,2025-10-01,WHOLE BLOOD,DONOR,BOVINE,ACD,GENDER UNSPECIFIED,1.0608162948162947
23127,7720084,2025-11-01,WHOLE BLOOD,DONOR,BOVINE,ACD,GENDER UNSPECIFIED,1.1221763236763236
23128,7720084,2025-12-01,WHOLE BLOOD,DONOR,BOVINE,ACD,GENDER UNSPECIFIED,0.7448083028083026
23129,7720084,2026-01-01,WHOLE BLOOD,DONOR,BOVINE,ACD,GENDER UNSPECIFIED,0.8359735264735264
23130,7720084,2026-02-01,WHOLE BLOOD,DONOR,BOVINE,ACD,GENDER UNSPECIFIED,0.6909965867465867
23131,7720084,2026-03-01,WHOLE BLOOD,DONOR,BOVINE,ACD,GENDER UNSPECIFIED,1.1584793817293817
23132,7720084,2026-04-01,WHOLE BLOOD,DONOR,BOVINE,ACD,GENDER UNSPECIFIED,0.5740577755577756
23289,7200806,2025-05-01,WHOLE BLOOD,DONOR,BOVINE,NA-CITRATE,GENDER UNSPECIFIED,0.5243294857919857
23290,7200806,2025-06-01,WHOLE BLOOD,DONOR,BOVINE,NA-CITRATE,GENDER UNSPECIFIED,1.1665508297258294
23291,7200806,2025-07-01,WHOLE BLOOD,DONOR,BOVINE,NA-CITRATE,GENDER UNSPECIFIED,2.071268183124066
23292,7200806,2025-08-01,WHOLE BLOOD,DONOR,BOVINE,NA-CITRATE,GENDER UNSPECIFIED,1.7171922451731283
23293,7200806,2025-09-01,WHOLE BLOOD,DONOR,BOVINE,NA-CITRATE,GENDER UNSPECIFIED,0.8809006091131092
23294,7200806,2025-10-01,WHOLE BLOOD,DONOR,BOVINE,NA-CITRATE,GENDER UNSPECIFIED,0.9700135794760796
23295,7200806,2025-11-01,WHOLE BLOOD,DONOR,BOVINE,NA-CITRATE,GENDER UNSPECIFIED,0.32694712648462654
23296,7200806,2025-12-01,WHOLE BLOOD,DONOR,BOVINE,NA-CITRATE,GENDER UNSPECIFIED,0.3654340867465868
23297,7200806,2026-01-01,WHOLE BLOOD,DONOR,BOVINE,NA-CITRATE,GENDER UNSPECIFIED,0.8635121392496393
23298,7200806,2026-02-01,WHOLE BLOOD,DONOR,BOVINE,NA-CITRATE,GENDER UNSPECIFIED,0.5821648032523032
23299,7200806,2026-03-01,WHOLE BLOOD,DONOR,BOVINE,NA-CITRATE,GENDER UNSPECIFIED,0.7729091047841048
23300,7200806,2026-04-01,WHOLE BLOOD,DONOR,BOVINE,NA-CITRATE,GENDER UNSPECIFIED,1.7238790777849606
23482,7242808,2025-05-01,WASHED CELLS,10%,GOOSE,ALSEVERS,GENDER UNSPECIFIED,0.023700000000000006
23483,7242808,2025-06-01,WASHED CELLS,10%,GOOSE,ALSEVERS,GENDER UNSPECIFIED,0.023700000000000006
23484,7242808,2025-07-01,WASHED CELLS,10%,GOOSE,ALSEVERS,GENDER UNSPECIFIED,0.023700000000000006
23485,7242808,2025-08-01,WASHED CELLS,10%,GOOSE,ALSEVERS,GENDER UNSPECIFIED,0.023700000000000006
23486,7242808,2025-09-01,WASHED CELLS,10%,GOOSE,ALSEVERS,GENDER UNSPECIFIED,0.023700000000000006
23487,7242808,2025-10-01,WASHED CELLS,10%,GOOSE,ALSEVERS,GENDER UNSPECIFIED,0.023700000000000006
23488,7242808,2025-11-01,WASHED CELLS,10%,GOOSE,ALSEVERS,GENDER UNSPECIFIED,0.023700000000000006
23489,7242808,2025-12-01,WASHED CELLS,10%,GOOSE,ALSEVERS,GENDER UNSPECIFIED,0.023700000000000006
23490,7242808,2026-01-01,WASHED CELLS,10%,GOOSE,ALSEVERS,GENDER UNSPECIFIED,0.023700000000000006
23491,7242808,2026-02-01,WASHED CELLS,10%,GOOSE,ALSEVERS,GENDER UNSPECIFIED,0.023700000000000006
23492,7242808,2026-03-01,WASHED CELLS,10%,GOOSE,ALSEVERS,GENDER UNSPECIFIED,0.023700000000000006
23625,7241407,2025-05-01,WASHED CELLS,5%,CHICKEN,ALSEVERS,GENDER UNSPECIFIED,0.08655561272061274
23626,7241407,2025-06-01,WASHED CELLS,5%,CHICKEN,ALSEVERS,GENDER UNSPECIFIED,0.11008746753246751
23627,7241407,2025-07-01,WASHED CELLS,5%,CHICKEN,ALSEVERS,GENDER UNSPECIFIED,0.1045172752247752
23628,7241407,2025-08-01,WASHED CELLS,5%,CHICKEN,ALSEVERS,GENDER UNSPECIFIED,0.0903458591408591
23629,7241407,2025-09-01,WASHED CELLS,5%,CHICKEN,ALSEVERS,GENDER UNSPECIFIED,0.0853633591408591
23630,7241407,2025-10-01,WASHED CELLS,5%,CHICKEN,ALSEVERS,GENDER UNSPECIFIED,0.0853633591408591
23631,7241407,2025-11-01,WASHED CELLS,5%,CHICKEN,ALSEVERS,GENDER UNSPECIFIED,0.09194835914085911
23632,7241407,2025-12-01,WASHED CELLS,5%,CHICKEN,ALSEVERS,GENDER UNSPECIFIED,0.09848227522477519
23633,7241407,2026-01-01,WASHED CELLS,5%,CHICKEN,ALSEVERS,GENDER UNSPECIFIED,0.0933560514485514
23634,7241407,2026-02-01,WASHED CELLS,5%,CHICKEN,ALSEVERS,GENDER UNSPECIFIED,0.09194835914085911
23635,7241407,2026-03-01,WASHED CELLS,5%,CHICKEN,ALSEVERS,GENDER UNSPECIFIED,0.09194835914085911
23636,7241407,2026-04-01,WASHED CELLS,5%,CHICKEN,ALSEVERS,GENDER UNSPECIFIED,0.09194835914085911
23842,7249007,2025-05-01,WASHED CELLS,5%,SHEEP,ALSEVERS,GENDER UNSPECIFIED,8.12027708319458
23843,7249007,2025-06-01,WASHED CELLS,5%,SHEEP,ALSEVERS,GENDER UNSPECIFIED,6.461660159840157
23844,7249007,2025-07-01,WASHED CELLS,5%,SHEEP,ALSEVERS,GENDER UNSPECIFIED,6.213925376845374
23845,7249007,2025-08-01,WASHED CELLS,5%,SHEEP,ALSEVERS,GENDER UNSPECIFIED,7.182444467199466
23846,7249007,2025-09-01,WASHED CELLS,5%,SHEEP,ALSEVERS,GENDER UNSPECIFIED,6.198958462925961
23847,7249007,2025-10-01,WASHED CELLS,5%,SHEEP,ALSEVERS,GENDER UNSPECIFIED,5.392586927516926
23848,7249007,2025-11-01,WASHED CELLS,5%,SHEEP,ALSEVERS,GENDER UNSPECIFIED,5.201285645465645
23849,7249007,2025-12-01,WASHED CELLS,5%,SHEEP,ALSEVERS,GENDER UNSPECIFIED,5.201285645465645
23850,7249007,2026-01-01,WASHED CELLS,5%,SHEEP,ALSEVERS,GENDER UNSPECIFIED,4.774440773670773
23851,7249007,2026-02-01,WASHED CELLS,5%,SHEEP,ALSEVERS,GENDER UNSPECIFIED,3.4358167152292145
23852,7249007,2026-03-01,WASHED CELLS,5%,SHEEP,ALSEVERS,GENDER UNSPECIFIED,3.8988698898323886
24407,7242807,2025-05-01,WASHED CELLS,100%,GOOSE,ALSEVERS,GENDER UNSPECIFIED,0.015000000000000012
24408,7242807,2025-06-01,WASHED CELLS,100%,GOOSE,ALSEVERS,GENDER UNSPECIFIED,0.015000000000000012
24409,7242807,2025-07-01,WASHED CELLS,100%,GOOSE,ALSEVERS,GENDER UNSPECIFIED,0.015000000000000012
24410,7242807,2025-08-01,WASHED CELLS,100%,GOOSE,ALSEVERS,GENDER UNSPECIFIED,0.015000000000000012
24411,7242807,2025-09-01,WASHED CELLS,100%,GOOSE,ALSEVERS,GENDER UNSPECIFIED,0.015000000000000012
24412,7242807,2025-10-01,WASHED CELLS,100%,GOOSE,ALSEVERS,GENDER UNSPECIFIED,0.015000000000000012
24413,7242807,2025-11-01,WASHED CELLS,100%,GOOSE,ALSEVERS,GENDER UNSPECIFIED,0.015000000000000012
24414,7242807,2025-12-01,WASHED CELLS,100%,GOOSE,ALSEVERS,GENDER UNSPECIFIED,0.015000000000000012
24415,7242807,2026-01-01,WASHED CELLS,100%,GOOSE,ALSEVERS,GENDER UNSPECIFIED,0.015000000000000012
24416,7242807,2026-02-01,WASHED CELLS,100%,GOOSE,ALSEVERS,GENDER UNSPECIFIED,0.015000000000000012
24994,7720051,2025-05-01,WASHED CELLS,100%,SHEEP,ALSEVERS,GENDER UNSPECIFIED,5.17261605061605
24995,7720051,2025-06-01,WASHED CELLS,100%,SHEEP,ALSEVERS,GENDER UNSPECIFIED,3.645653013653013
24996,7720051,2025-07-01,WASHED CELLS,100%,SHEEP,ALSEVERS,GENDER UNSPECIFIED,3.192879453879454
24997,7720051,2025-08-01,WASHED CELLS,100%,SHEEP,ALSEVERS,GENDER UNSPECIFIED,3.30576257076257
24998,7720051,2025-09-01,WASHED CELLS,100%,SHEEP,ALSEVERS,GENDER UNSPECIFIED,5.17261605061605
24999,7720051,2025-10-01,WASHED CELLS,100%,SHEEP,ALSEVERS,GENDER UNSPECIFIED,3.645653013653013
25000,7720051,2025-11-01,WASHED CELLS,100%,SHEEP,ALSEVERS,GENDER UNSPECIFIED,3.192879453879454
25001,7720051,2025-12-01,WASHED CELLS,100%,SHEEP,ALSEVERS,GENDER UNSPECIFIED,3.30576257076257
25002,7720051,2026-01-01,WASHED CELLS,100%,SHEEP,ALSEVERS,GENDER UNSPECIFIED,5.17261605061605
25003,7720051,2026-02-01,WASHED CELLS,100%,SHEEP,ALSEVERS,GENDER UNSPECIFIED,3.645653013653013
25004,7720051,2026-03-01,WASHED CELLS,100%,SHEEP,ALSEVERS,GENDER UNSPECIFIED,3.192879453879454
27677,7248809,2025-05-01,WASHED CELLS,5%,ROOSTER,ALSEVERS,MALE,0.030000000000000023
27678,7248809,2025-06-01,WASHED CELLS,5%,ROOSTER,ALSEVERS,MALE,0.030000000000000023
27679,7248809,2025-07-01,WASHED CELLS,5%,ROOSTER,ALSEVERS,MALE,0.030000000000000023
27680,7248809,2025-08-01,WASHED CELLS,5%,ROOSTER,ALSEVERS,MALE,0.030000000000000023
29256,7240807,2025-05-01,WASHED CELLS,100%,BOVINE,ALSEVERS,GENDER UNSPECIFIED,0.015000000000000012
29257,7240807,2025-06-01,WASHED CELLS,100%,BOVINE,ALSEVERS,GENDER UNSPECIFIED,0.015000000000000012
29258,7240807,2025-07-01,WASHED CELLS,100%,BOVINE,ALSEVERS,GENDER UNSPECIFIED,0.015000000000000012
29259,7240807,2025-08-01,WASHED CELLS,100%,BOVINE,ALSEVERS,GENDER UNSPECIFIED,0.015000000000000012
29260,7240807,2025-09-01,WASHED CELLS,100%,BOVINE,ALSEVERS,GENDER UNSPECIFIED,0.015000000000000012
29261,7240807,2025-10-01,WASHED CELLS,100%,BOVINE,ALSEVERS,GENDER UNSPECIFIED,0.015000000000000012
29262,7240807,2025-11-01,WASHED CELLS,100%,BOVINE,ALSEVERS,GENDER UNSPECIFIED,0.015000000000000012
29263,7240807,2025-12-01,WASHED CELLS,100%,BOVINE,ALSEVERS,GENDER UNSPECIFIED,0.015000000000000012
29264,7240807,2026-01-01,WASHED CELLS,100%,BOVINE,ALSEVERS,GENDER UNSPECIFIED,0.015000000000000012
29991,7721060,2025-05-01,WHOLE BLOOD,DONOR,CHICKEN,NA-CITRATE,GENDER UNSPECIFIED,0.10410504329004329
29992,7721060,2025-06-01,WHOLE BLOOD,DONOR,CHICKEN,NA-CITRATE,GENDER UNSPECIFIED,0.1089198051948052
29993,7721060,2025-07-01,WHOLE BLOOD,DONOR,CHICKEN,NA-CITRATE,GENDER UNSPECIFIED,0.1089198051948052
29994,7721060,2025-08-01,WHOLE BLOOD,DONOR,CHICKEN,NA-CITRATE,GENDER UNSPECIFIED,0.1089198051948052
29995,7721060,2025-09-01,WHOLE BLOOD,DONOR,CHICKEN,NA-CITRATE,GENDER UNSPECIFIED,0.1089198051948052
29996,7721060,2025-10-01,WHOLE BLOOD,DONOR,CHICKEN,NA-CITRATE,GENDER UNSPECIFIED,0.1089198051948052
32566,7243408,2025-05-01,WASHED CELLS,10%,HORSE,ALSEVERS,GENDER UNSPECIFIED,0.40108493867243866
32567,7243408,2025-06-01,WASHED CELLS,10%,HORSE,ALSEVERS,GENDER UNSPECIFIED,0.39708493867243866
32568,7243408,2025-07-01,WASHED CELLS,10%,HORSE,ALSEVERS,GENDER UNSPECIFIED,0.39470493867243867
32569,7243408,2025-08-01,WASHED CELLS,10%,HORSE,ALSEVERS,GENDER UNSPECIFIED,0.3863049386724387
32570,7243408,2025-09-01,WASHED CELLS,10%,HORSE,ALSEVERS,GENDER UNSPECIFIED,0.40108493867243866
32571,7243408,2025-10-01,WASHED CELLS,10%,HORSE,ALSEVERS,GENDER UNSPECIFIED,0.40108493867243866
32572,7243408,2025-11-01,WASHED CELLS,10%,HORSE,ALSEVERS,GENDER UNSPECIFIED,0.40108493867243866
32573,7243408,2025-12-01,WASHED CELLS,10%,HORSE,ALSEVERS,GENDER UNSPECIFIED,0.40108493867243866
32574,7243408,2026-01-01,WASHED CELLS,10%,HORSE,ALSEVERS,GENDER UNSPECIFIED,0.40108493867243866
32575,7243408,2026-02-01,WASHED CELLS,10%,HORSE,ALSEVERS,GENDER UNSPECIFIED,0.40108493867243866
32576,7243408,2026-03-01,WASHED CELLS,10%,HORSE,ALSEVERS,GENDER UNSPECIFIED,0.40108493867243866
32577,7243408,2026-04-01,WASHED CELLS,10%,HORSE,ALSEVERS,GENDER UNSPECIFIED,0.40108493867243866
34993,7249009,2025-05-01,WASHED CELLS,5%,SHEEP,ALSEVERS,GENDER UNSPECIFIED,0.022349999999999995
34994,7249009,2025-06-01,WASHED CELLS,5%,SHEEP,ALSEVERS,GENDER UNSPECIFIED,0.022349999999999995
34995,7249009,2025-07-01,WASHED CELLS,5%,SHEEP,ALSEVERS,GENDER UNSPECIFIED,0.022349999999999995
34996,7249009,2025-08-01,WASHED CELLS,5%,SHEEP,ALSEVERS,GENDER UNSPECIFIED,0.022349999999999995
34997,7249009,2025-09-01,WASHED CELLS,5%,SHEEP,ALSEVERS,GENDER UNSPECIFIED,0.022349999999999995
34998,7249009,2025-10-01,WASHED CELLS,5%,SHEEP,ALSEVERS,GENDER UNSPECIFIED,0.022349999999999995
34999,7249009,2025-11-01,WASHED CELLS,5%,SHEEP,ALSEVERS,GENDER UNSPECIFIED,0.022349999999999995
35000,7249009,2025-12-01,WASHED CELLS,5%,SHEEP,ALSEVERS,GENDER UNSPECIFIED,0.022349999999999995
35001,7249009,2026-01-01,WASHED CELLS,5%,SHEEP,ALSEVERS,GENDER UNSPECIFIED,0.022349999999999995
35002,7249009,2026-02-01,WASHED CELLS,5%,SHEEP,ALSEVERS,GENDER UNSPECIFIED,0.022349999999999995
46683,7243407,2025-05-01,WASHED CELLS,100%,HORSE,ALSEVERS,GENDER UNSPECIFIED,0.023225
46684,7243407,2025-06-01,WASHED CELLS,100%,HORSE,ALSEVERS,GENDER UNSPECIFIED,0.023225
46685,7243407,2025-07-01,WASHED CELLS,100%,HORSE,ALSEVERS,GENDER UNSPECIFIED,0.023225
46686,7243407,2025-08-01,WASHED CELLS,100%,HORSE,ALSEVERS,GENDER UNSPECIFIED,0.023225
46687,7243407,2025-09-01,WASHED CELLS,100%,HORSE,ALSEVERS,GENDER UNSPECIFIED,0.023225
46688,7243407,2025-10-01,WASHED CELLS,100%,HORSE,ALSEVERS,GENDER UNSPECIFIED,0.023225
46689,7243407,2025-11-01,WASHED CELLS,100%,HORSE,ALSEVERS,GENDER UNSPECIFIED,0.023225
46690,7243407,2025-12-01,WASHED CELLS,100%,HORSE,ALSEVERS,GENDER UNSPECIFIED,0.023225
46691,7243407,2026-01-01,WASHED CELLS,100%,HORSE,ALSEVERS,GENDER UNSPECIFIED,0.023225
70009,7721073,2025-05-01,DEFIBRINATED BLOOD,DONOR,SHEEP,NONE,GENDER UNSPECIFIED,0.642857142857143
70010,7721073,2025-06-01,DEFIBRINATED BLOOD,DONOR,SHEEP,NONE,GENDER UNSPECIFIED,0.642857142857143
70011,7721073,2025-07-01,DEFIBRINATED BLOOD,DONOR,SHEEP,NONE,GENDER UNSPECIFIED,0.642857142857143
70012,7721073,2025-08-01,DEFIBRINATED BLOOD,DONOR,SHEEP,NONE,GENDER UNSPECIFIED,0.642857142857143
70013,7721073,2025-09-01,DEFIBRINATED BLOOD,DONOR,SHEEP,NONE,GENDER UNSPECIFIED,0.642857142857143
70014,7721073,2025-10-01,DEFIBRINATED BLOOD,DONOR,SHEEP,NONE,GENDER UNSPECIFIED,0.642857142857143
70015,7721073,2025-11-01,DEFIBRINATED BLOOD,DONOR,SHEEP,NONE,GENDER UNSPECIFIED,0.642857142857143
70016,7721073,2025-12-01,DEFIBRINATED BLOOD,DONOR,SHEEP,NONE,GENDER UNSPECIFIED,0.642857142857143
70017,7721073,2026-01-01,DEFIBRINATED BLOOD,DONOR,SHEEP,NONE,GENDER UNSPECIFIED,0.642857142857143
70018,7721073,2026-02-01,DEFIBRINATED BLOOD,DONOR,SHEEP,NONE,GENDER UNSPECIFIED,0.642857142857143
70019,7721073,2026-03-01,DEFIBRINATED BLOOD,DONOR,SHEEP,NONE,GENDER UNSPECIFIED,0.642857142857143
71727,7721065,2025-05-01,WHOLE BLOOD,DONOR,HORSE,ALSEVERS,GENDER UNSPECIFIED,0.37068297813297824
71728,7721065,2025-06-01,WHOLE BLOOD,DONOR,HORSE,ALSEVERS,GENDER UNSPECIFIED,0.38055195360195376
71729,7721065,2025-07-01,WHOLE BLOOD,DONOR,HORSE,ALSEVERS,GENDER UNSPECIFIED,0.3240314629814631
71730,7721065,2025-08-01,WHOLE BLOOD,DONOR,HORSE,ALSEVERS,GENDER UNSPECIFIED,0.2852984848484849
71731,7721065,2025-09-01,WHOLE BLOOD,DONOR,HORSE,ALSEVERS,GENDER UNSPECIFIED,0.30189184704184713
71732,7721065,2025-10-01,WHOLE BLOOD,DONOR,HORSE,ALSEVERS,GENDER UNSPECIFIED,0.3756710733710735
71733,7721065,2025-11-01,WHOLE BLOOD,DONOR,HORSE,ALSEVERS,GENDER UNSPECIFIED,0.3742782162282164
71734,7721065,2025-12-01,WHOLE BLOOD,DONOR,HORSE,ALSEVERS,GENDER UNSPECIFIED,0.34661284826284844
71735,7721065,2026-01-01,WHOLE BLOOD,DONOR,HORSE,ALSEVERS,GENDER UNSPECIFIED,0.2980188311688312
71736,7721065,2026-02-01,WHOLE BLOOD,DONOR,HORSE,ALSEVERS,GENDER UNSPECIFIED,0.30189184704184713
71737,7721065,2026-03-01,WHOLE BLOOD,DONOR,HORSE,ALSEVERS,GENDER UNSPECIFIED,0.37320678765678783
71738,7721065,2026-04-01,WHOLE BLOOD,DONOR,HORSE,ALSEVERS,GENDER UNSPECIFIED,0.3742782162282164
126110,7243721,2025-05-01,WASHED CELLS,10%,HUMAN,ALSEVERS,GENDER UNSPECIFIED,0.5730741996891995
126111,7243721,2025-06-01,WASHED CELLS,10%,HUMAN,ALSEVERS,GENDER UNSPECIFIED,0.5377077322677323
126112,7243721,2025-07-01,WASHED CELLS,10%,HUMAN,ALSEVERS,GENDER UNSPECIFIED,0.5066724206349206
126113,7243721,2025-08-01,WASHED CELLS,10%,HUMAN,ALSEVERS,GENDER UNSPECIFIED,0.6242410606060605
126114,7243721,2025-09-01,WASHED CELLS,10%,HUMAN,ALSEVERS,GENDER UNSPECIFIED,0.6173183189033188
126115,7243721,2025-10-01,WASHED CELLS,10%,HUMAN,ALSEVERS,GENDER UNSPECIFIED,0.6094829653679653
126116,7243721,2025-11-01,WASHED CELLS,10%,HUMAN,ALSEVERS,GENDER UNSPECIFIED,0.6103799350649349
126117,7243721,2025-12-01,WASHED CELLS,10%,HUMAN,ALSEVERS,GENDER UNSPECIFIED,0.618879935064935
126118,7243721,2026-01-01,WASHED CELLS,10%,HUMAN,ALSEVERS,GENDER UNSPECIFIED,0.6143466017316016
126119,7243721,2026-02-01,WASHED CELLS,10%,HUMAN,ALSEVERS,GENDER UNSPECIFIED,0.6216799350649349
126120,7243721,2026-03-01,WASHED CELLS,10%,HUMAN,ALSEVERS,GENDER UNSPECIFIED,0.6216799350649349
126121,7243721,2026-04-01,WASHED CELLS,10%,HUMAN,ALSEVERS,GENDER UNSPECIFIED,0.6216799350649349
126122,7243710,2025-05-01,WASHED CELLS,5%,HUMAN,ALSEVERS,GENDER UNSPECIFIED,0.387502442002442
126123,7243710,2025-06-01,WASHED CELLS,5%,HUMAN,ALSEVERS,GENDER UNSPECIFIED,0.36968742923742914
126124,7243710,2025-07-01,WASHED CELLS,5%,HUMAN,ALSEVERS,GENDER UNSPECIFIED,0.29540238095238086
126125,7243710,2025-08-01,WASHED CELLS,5%,HUMAN,ALSEVERS,GENDER UNSPECIFIED,0.3898199633699634
126126,7243710,2025-09-01,WASHED CELLS,5%,HUMAN,ALSEVERS,GENDER UNSPECIFIED,0.43341354756354744
126127,7243710,2025-10-01,WASHED CELLS,5%,HUMAN,ALSEVERS,GENDER UNSPECIFIED,0.43341354756354744
126128,7243710,2025-11-01,WASHED CELLS,5%,HUMAN,ALSEVERS,GENDER UNSPECIFIED,0.43341354756354744
126129,7243710,2025-12-01,WASHED CELLS,5%,HUMAN,ALSEVERS,GENDER UNSPECIFIED,0.43614688089688086
126130,7243710,2026-01-01,WASHED CELLS,5%,HUMAN,ALSEVERS,GENDER UNSPECIFIED,0.31656556776556766
126131,7243710,2026-02-01,WASHED CELLS,5%,HUMAN,ALSEVERS,GENDER UNSPECIFIED,0.43341354756354744
126132,7243710,2026-03-01,WASHED CELLS,5%,HUMAN,ALSEVERS,GENDER UNSPECIFIED,0.43341354756354744
126133,7243710,2026-04-01,WASHED CELLS,5%,HUMAN,ALSEVERS,GENDER UNSPECIFIED,0.43341354756354744
126136,7243720,2025-05-01,WASHED CELLS,10%,HUMAN,ALSEVERS,GENDER UNSPECIFIED,0.10079918470418475
126137,7243720,2025-06-01,WASHED CELLS,10%,HUMAN,ALSEVERS,GENDER UNSPECIFIED,0.10352418470418476
126138,7243720,2025-07-01,WASHED CELLS,10%,HUMAN,ALSEVERS,GENDER UNSPECIFIED,0.1708418831168831
126139,7243720,2025-08-01,WASHED CELLS,10%,HUMAN,ALSEVERS,GENDER UNSPECIFIED,0.1647918831168831
126140,7243720,2025-09-01,WASHED CELLS,10%,HUMAN,ALSEVERS,GENDER UNSPECIFIED,0.09479640692640695
126141,7243720,2025-10-01,WASHED CELLS,10%,HUMAN,ALSEVERS,GENDER UNSPECIFIED,0.09479640692640695
126142,7243720,2025-11-01,WASHED CELLS,10%,HUMAN,ALSEVERS,GENDER UNSPECIFIED,0.09479640692640695
126143,7243720,2025-12-01,WASHED CELLS,10%,HUMAN,ALSEVERS,GENDER UNSPECIFIED,0.09812140692640696
126144,7243720,2026-01-01,WASHED CELLS,10%,HUMAN,ALSEVERS,GENDER UNSPECIFIED,0.10391474025974029
126145,7243720,2026-02-01,WASHED CELLS,10%,HUMAN,ALSEVERS,GENDER UNSPECIFIED,0.10058974025974031
126269,7203727,2025-05-01,WHOLE BLOOD,BROKER,HUMAN,K2-EDTA,GENDER UNSPECIFIED,0.4729611955283463
126270,7203727,2025-06-01,WHOLE BLOOD,BROKER,HUMAN,K2-EDTA,GENDER UNSPECIFIED,0.4729611955283463
126271,7203727,2025-07-01,WHOLE BLOOD,BROKER,HUMAN,K2-EDTA,GENDER UNSPECIFIED,0.4729611955283463
126272,7203727,2025-08-01,WHOLE BLOOD,BROKER,HUMAN,K2-EDTA,GENDER UNSPECIFIED,0.4729611955283463
126273,7203727,2025-09-01,WHOLE BLOOD,BROKER,HUMAN,K2-EDTA,GENDER UNSPECIFIED,0.4729611955283463
126274,7203727,2025-10-01,WHOLE BLOOD,BROKER,HUMAN,K2-EDTA,GENDER UNSPECIFIED,0.4729611955283463
126275,7203727,2025-11-01,WHOLE BLOOD,BROKER,HUMAN,K2-EDTA,GENDER UNSPECIFIED,0.4729611955283463
126276,7203727,2025-12-01,WHOLE BLOOD,BROKER,HUMAN,K2-EDTA,GENDER UNSPECIFIED,0.4729611955283463
126277,7203727,2026-01-01,WHOLE BLOOD,BROKER,HUMAN,K2-EDTA,GENDER UNSPECIFIED,0.4729611955283463
126278,7203727,2026-02-01,WHOLE BLOOD,BROKER,HUMAN,K2-EDTA,GENDER UNSPECIFIED,0.4729611955283463
126605,7303708,2025-05-01,PLASMA,BROKER,HUMAN,K3-EDTA,GENDER UNSPECIFIED,1.75
126606,7303708,2025-06-01,PLASMA,BROKER,HUMAN,K3-EDTA,GENDER UNSPECIFIED,1.75
126607,7303708,2025-07-01,PLASMA,BROKER,HUMAN,K3-EDTA,GENDER UNSPECIFIED,1.75
126692,7203706,2025-05-01,WHOLE BLOOD,BROKER,HUMAN,NA-CITRATE,GENDER UNSPECIFIED,2.5843036779886783
126693,7203706,2025-06-01,WHOLE BLOOD,BROKER,HUMAN,NA-CITRATE,GENDER UNSPECIFIED,1.4614349569874572
126694,7203706,2025-07-01,WHOLE BLOOD,BROKER,HUMAN,NA-CITRATE,GENDER UNSPECIFIED,3.870576230158729
126695,7203706,2025-08-01,WHOLE BLOOD,BROKER,HUMAN,NA-CITRATE,GENDER UNSPECIFIED,1.3843313855588857
126696,7203706,2025-09-01,WHOLE BLOOD,BROKER,HUMAN,NA-CITRATE,GENDER UNSPECIFIED,4.051154007936508
126697,7203706,2025-10-01,WHOLE BLOOD,BROKER,HUMAN,NA-CITRATE,GENDER UNSPECIFIED,2.744644410589412
126698,7203706,2025-11-01,WHOLE BLOOD,BROKER,HUMAN,NA-CITRATE,GENDER UNSPECIFIED,2.8591262359862366
126699,7203706,2025-12-01,WHOLE BLOOD,BROKER,HUMAN,NA-CITRATE,GENDER UNSPECIFIED,2.4946205217005226
126700,7203706,2026-01-01,WHOLE BLOOD,BROKER,HUMAN,NA-CITRATE,GENDER UNSPECIFIED,2.8847550058275067
126701,7203706,2026-02-01,WHOLE BLOOD,BROKER,HUMAN,NA-CITRATE,GENDER UNSPECIFIED,2.531931950271951
126702,7203706,2026-03-01,WHOLE BLOOD,BROKER,HUMAN,NA-CITRATE,GENDER UNSPECIFIED,3.2303209798534804
126703,7203706,2026-04-01,WHOLE BLOOD,BROKER,HUMAN,NA-CITRATE,GENDER UNSPECIFIED,2.738561553446555
127400,7720106,2025-05-01,WHOLE BLOOD,BROKER,HUMAN,NA-CITRATE,GENDER UNSPECIFIED,0.20140772519534128
127401,7720106,2025-06-01,WHOLE BLOOD,BROKER,HUMAN,NA-CITRATE,GENDER UNSPECIFIED,0.20172174062607495
127402,7720106,2025-07-01,WHOLE BLOOD,BROKER,HUMAN,NA-CITRATE,GENDER UNSPECIFIED,0.2051201484102413
127403,7720106,2025-08-01,WHOLE BLOOD,BROKER,HUMAN,NA-CITRATE,GENDER UNSPECIFIED,0.2051201484102413
127404,7720106,2025-09-01,WHOLE BLOOD,BROKER,HUMAN,NA-CITRATE,GENDER UNSPECIFIED,0.2051201484102413
127405,7720106,2025-10-01,WHOLE BLOOD,BROKER,HUMAN,NA-CITRATE,GENDER UNSPECIFIED,0.2051201484102413
127406,7720106,2025-11-01,WHOLE BLOOD,BROKER,HUMAN,NA-CITRATE,GENDER UNSPECIFIED,0.2051201484102413
127407,7720106,2025-12-01,WHOLE BLOOD,BROKER,HUMAN,NA-CITRATE,GENDER UNSPECIFIED,0.2051201484102413
127408,7720106,2026-01-01,WHOLE BLOOD,BROKER,HUMAN,NA-CITRATE,GENDER UNSPECIFIED,0.2051201484102413
127409,7720106,2026-02-01,WHOLE BLOOD,BROKER,HUMAN,NA-CITRATE,GENDER UNSPECIFIED,0.2051201484102413
127410,7720106,2026-03-01,WHOLE BLOOD,BROKER,HUMAN,NA-CITRATE,GENDER UNSPECIFIED,0.2051201484102413
127411,7720106,2026-04-01,WHOLE BLOOD,BROKER,HUMAN,NA-CITRATE,GENDER UNSPECIFIED,0.2051201484102413
127624,7303706,2025-05-01,PLASMA,BROKER,HUMAN,NA-CITRATE,GENDER UNSPECIFIED,1.3900000000000003
127625,7303706,2025-06-01,PLASMA,BROKER,HUMAN,NA-CITRATE,GENDER UNSPECIFIED,1.3900000000000003
127626,7303706,2025-07-01,PLASMA,BROKER,HUMAN,NA-CITRATE,GENDER UNSPECIFIED,1.3900000000000003
127627,7303706,2025-08-01,PLASMA,BROKER,HUMAN,NA-CITRATE,GENDER UNSPECIFIED,1.3900000000000003
127628,7303706,2025-09-01,PLASMA,BROKER,HUMAN,NA-CITRATE,GENDER UNSPECIFIED,1.3900000000000003
127629,7303706,2025-10-01,PLASMA,BROKER,HUMAN,NA-CITRATE,GENDER UNSPECIFIED,1.3900000000000003
